-- MySQL dump 10.13  Distrib 5.7.19, for Linux (x86_64)
--
-- Host: localhost    Database: hhes_kenya_pos
-- ------------------------------------------------------
-- Server version	5.7.19-0ubuntu0.16.04.1-log

/*!40101 SET @OLD_CHARACTER_SET_CLIENT=@@CHARACTER_SET_CLIENT */;
/*!40101 SET @OLD_CHARACTER_SET_RESULTS=@@CHARACTER_SET_RESULTS */;
/*!40101 SET @OLD_COLLATION_CONNECTION=@@COLLATION_CONNECTION */;
/*!40101 SET NAMES utf8 */;
/*!40103 SET @OLD_TIME_ZONE=@@TIME_ZONE */;
/*!40103 SET TIME_ZONE='+00:00' */;
/*!40014 SET @OLD_UNIQUE_CHECKS=@@UNIQUE_CHECKS, UNIQUE_CHECKS=0 */;
/*!40014 SET @OLD_FOREIGN_KEY_CHECKS=@@FOREIGN_KEY_CHECKS, FOREIGN_KEY_CHECKS=0 */;
/*!40101 SET @OLD_SQL_MODE=@@SQL_MODE, SQL_MODE='NO_AUTO_VALUE_ON_ZERO' */;
/*!40111 SET @OLD_SQL_NOTES=@@SQL_NOTES, SQL_NOTES=0 */;

--
-- Table structure for table `banking`
--

DROP TABLE IF EXISTS `banking`;
/*!40101 SET @saved_cs_client     = @@character_set_client */;
/*!40101 SET character_set_client = utf8 */;
CREATE TABLE `banking` (
  `id` int(11) NOT NULL AUTO_INCREMENT,
  `user_id` int(11) DEFAULT NULL,
  `on_date` datetime NOT NULL,
  `transaction` varchar(100) COLLATE utf8_unicode_ci NOT NULL,
  `amount` varchar(100) COLLATE utf8_unicode_ci NOT NULL,
  `balance` int(11) NOT NULL,
  `orig_id` int(11) NOT NULL,
  PRIMARY KEY (`id`),
  KEY `IDX_E766A51EA76ED395` (`user_id`),
  CONSTRAINT `FK_E766A51EA76ED395` FOREIGN KEY (`user_id`) REFERENCES `user` (`id`)
) ENGINE=InnoDB DEFAULT CHARSET=utf8 COLLATE=utf8_unicode_ci;
/*!40101 SET character_set_client = @saved_cs_client */;

--
-- Dumping data for table `banking`
--

LOCK TABLES `banking` WRITE;
/*!40000 ALTER TABLE `banking` DISABLE KEYS */;
/*!40000 ALTER TABLE `banking` ENABLE KEYS */;
UNLOCK TABLES;

--
-- Table structure for table `category`
--

DROP TABLE IF EXISTS `category`;
/*!40101 SET @saved_cs_client     = @@character_set_client */;
/*!40101 SET character_set_client = utf8 */;
CREATE TABLE `category` (
  `id` int(11) NOT NULL AUTO_INCREMENT,
  `user_id` int(11) DEFAULT NULL,
  `category_name` varchar(100) COLLATE utf8_unicode_ci NOT NULL,
  `deleted` int(11) NOT NULL,
  `orig_id` int(11) NOT NULL,
  PRIMARY KEY (`id`),
  KEY `IDX_64C19C1A76ED395` (`user_id`),
  CONSTRAINT `FK_64C19C1A76ED395` FOREIGN KEY (`user_id`) REFERENCES `user` (`id`)
) ENGINE=InnoDB AUTO_INCREMENT=10 DEFAULT CHARSET=utf8 COLLATE=utf8_unicode_ci;
/*!40101 SET character_set_client = @saved_cs_client */;

--
-- Dumping data for table `category`
--

LOCK TABLES `category` WRITE;
/*!40000 ALTER TABLE `category` DISABLE KEYS */;
INSERT INTO `category` VALUES (1,1,'Books',0,1),(2,1,'Big Books',0,2),(3,1,'Bibles',0,3),(4,1,'Packed Foods',0,4),(5,1,'CD/DVD',0,5),(6,1,'Lesson',0,6),(7,1,'Stationery',0,7),(8,1,'Cards and Stickers',0,8),(9,1,'Airtime',0,9);
/*!40000 ALTER TABLE `category` ENABLE KEYS */;
UNLOCK TABLES;

--
-- Table structure for table `duplicate`
--

DROP TABLE IF EXISTS `duplicate`;
/*!40101 SET @saved_cs_client     = @@character_set_client */;
/*!40101 SET character_set_client = utf8 */;
CREATE TABLE `duplicate` (
  `id` int(11) NOT NULL AUTO_INCREMENT,
  `user_id` int(11) DEFAULT NULL,
  `product_id` int(11) NOT NULL,
  `to_category_id` int(11) NOT NULL,
  `category_id` varchar(100) COLLATE utf8_unicode_ci NOT NULL,
  `orig_id` int(11) NOT NULL,
  PRIMARY KEY (`id`),
  KEY `IDX_1247811BA76ED395` (`user_id`),
  CONSTRAINT `FK_1247811BA76ED395` FOREIGN KEY (`user_id`) REFERENCES `user` (`id`)
) ENGINE=InnoDB DEFAULT CHARSET=utf8 COLLATE=utf8_unicode_ci;
/*!40101 SET character_set_client = @saved_cs_client */;

--
-- Dumping data for table `duplicate`
--

LOCK TABLES `duplicate` WRITE;
/*!40000 ALTER TABLE `duplicate` DISABLE KEYS */;
/*!40000 ALTER TABLE `duplicate` ENABLE KEYS */;
UNLOCK TABLES;

--
-- Table structure for table `product`
--

DROP TABLE IF EXISTS `product`;
/*!40101 SET @saved_cs_client     = @@character_set_client */;
/*!40101 SET character_set_client = utf8 */;
CREATE TABLE `product` (
  `id` int(11) NOT NULL AUTO_INCREMENT,
  `category_id` int(11) DEFAULT NULL,
  `user_id` int(11) DEFAULT NULL,
  `orig_id` int(11) NOT NULL,
  `product_code` varchar(100) COLLATE utf8_unicode_ci NOT NULL,
  `product_name` varchar(200) COLLATE utf8_unicode_ci NOT NULL,
  `product_cost` varchar(100) COLLATE utf8_unicode_ci NOT NULL,
  `product_tax` varchar(100) COLLATE utf8_unicode_ci NOT NULL,
  `product_retail_price` varchar(100) COLLATE utf8_unicode_ci NOT NULL,
  `deleted` int(11) NOT NULL,
  PRIMARY KEY (`id`),
  KEY `IDX_D34A04AD12469DE2` (`category_id`),
  KEY `IDX_D34A04ADA76ED395` (`user_id`),
  KEY `product_code` (`product_code`),
  KEY `product_name` (`product_name`),
  CONSTRAINT `FK_D34A04AD12469DE2` FOREIGN KEY (`category_id`) REFERENCES `category` (`id`),
  CONSTRAINT `FK_D34A04ADA76ED395` FOREIGN KEY (`user_id`) REFERENCES `user` (`id`)
) ENGINE=InnoDB AUTO_INCREMENT=7306 DEFAULT CHARSET=utf8 COLLATE=utf8_unicode_ci;
/*!40101 SET character_set_client = @saved_cs_client */;

--
-- Dumping data for table `product`
--

LOCK TABLES `product` WRITE;
/*!40000 ALTER TABLE `product` DISABLE KEYS */;
INSERT INTO `product` VALUES (5430,1,1,1,'040272','GIFT WRAPPERS','12','1.16','20',0),(5431,1,1,5431,'101120','GLADYS AYLWARD DARING TO TRUST','325','1.16','400',0),(5432,8,1,5432,'180365','HEART ROUND PLAQUES','175','1.16','230',0),(5433,1,1,5433,'100051','HISTORY OF REDEMPTION PAPER','700','1.16','950',0),(5434,4,1,5434,'190172','HONEY NUTRO 500G','145','1.16','180',0),(5435,2,1,5435,'010113','JESUS MY VERY BEST FRIEND','26','1.16','40',0),(5436,4,1,5436,'130153','JOY MCHUZI MIX 200G','65','1.16','85',0),(5437,4,1,5437,'130152','JOY SATCHET MCHUZI MIX 60G','30','1.16','40',0),(5438,2,1,5438,'050105','KARTHY\'S STORY','200','1.16','280',0),(5439,6,1,5439,'1600081','LESSON COLLEGEATE ECD','60','1.16','70',0),(5440,2,1,5440,'070267','MARTHA AND MARY','693','1.16','900',0),(5441,1,1,5441,'130181','NEW START LIFESTYLE COOK BOOK','1188','1.16','1550',0),(5442,1,1,5442,'150213','MUSIC & THE CHRISTIAN','287.1','1.16','400',0),(5443,2,1,5443,'071070','MY FAVOURITE BIBLE STORIES','250','1.16','325',0),(5444,3,1,5444,'060155','NOAH\'S ARK KNITS','1','1.16','250',0),(5445,7,1,5445,'040270','NOTE BOOK A4 SPIRAL','45.83','1.16','60',0),(5446,1,1,5446,'040271','NOTE BOOK A5 SPIRAL','15','1.16','20',0),(5447,1,1,5447,'040262','NOTE BOOK SHORT HAND','20','1.16','30',0),(5448,2,1,5448,'070269','ORGANISING FOR MISSION & GROWT','524.7','1.16','690',0),(5449,1,1,5449,'070268','ORIGIN LINKING SCIENCE & SCRIP','1188','1.16','1550',0),(5450,2,1,5450,'150221','PASSIONATE PRAYER','1069.2','1.16','1400',0),(5451,1,1,5451,'191126','PATHFINDER ADMIN. MANUAL','237','1.16','300',0),(5452,1,1,5452,'192152','PATHFINDER MANUALS COMPANION','95','1.16','130',0),(5453,1,1,5453,'192255','PATHFINDER MANUALS EXPLORER','95','1.16','130',0),(5454,1,1,5454,'192251','PATHFINDER MANUALS FRIEND','95','1.16','130',0),(5455,1,1,5455,'130178','PEANUT BUTTER SUPERMEAL SMOOTH','94','1.16','120',0),(5456,1,1,5456,'130176','PEANUT BUTTER SUPERMEAL 800G','190','1.16','240',0),(5457,1,1,5457,'130179','PEANUT BUTTER SUPERMEAL SMOOTH','190','1.16','240',0),(5458,2,1,5458,'090012','PRAYER WARRIORS','495','1.16','650',0),(5459,1,1,5459,'130147','PROYA SOYA CHUNKS 100G','41.67','1.16','50',0),(5460,1,1,5460,'150097','PUONJ BIBLOS','65','1.16','90',0),(5461,2,1,5461,'150217','PURPOSE DRIVEN LIFE','253.5','1.16','400',0),(5462,1,1,5462,'100058','READING ELLEN WHITE','495','1.16','650',0),(5463,8,1,5463,'180378','RECTANGULAR (SMALL)','175','1.16','200',0),(5464,2,1,5464,'090061','REVIVE US AGAIN','118.8','1.16','160',0),(5465,7,1,5465,'040266','RUBBER PELICAN LARGE','11.25','1.16','20',0),(5466,7,1,5466,'040268','RUBBER PELICAN SMALL','5.63','1.16','10',0),(5467,2,1,5467,'090062','SCIENCE DISCOVERS GOD','990','1.16','1290',0),(5468,8,1,5468,'180371','SMALL GRADUATION','140','1.16','190',0),(5469,2,1,5469,'100049','SONS & DAUGHTERS OF GOD','909.15','1.16','1200',0),(5470,4,1,5470,'130180','SOYA DRINK MACHISTA 100G','60','1.16','70',0),(5471,4,1,5471,'130175','SOYA MILK POWDER 250G','250','1.16','300',0),(5472,7,1,5472,'040269','SPRING FILE','27.5','1.16','40',0),(5473,1,1,5473,'130105','SUPA SOYA CHUNKS 200G','83','1.16','110',0),(5474,1,1,5474,'130109','SUPA SOYA CHUNKS 400G','130','1.16','170',0),(5475,2,1,5475,'150218','THINK ON THESE THINGS','292.5','1.16','450',0),(5476,1,1,5476,'100437','THIS DAY WITH GOD','188.1','1.16','450',0),(5477,1,1,5477,'150103','TO BE LIKE JESUS','654.5','1.16','850',0),(5478,1,1,5478,'150211','TRUE REVIVAL','59.4','1.16','80',0),(5479,5,1,5479,'170059','VCD JIWEKE TAYARI','150','1.16','200',0),(5480,5,1,5480,'170058','VCD PUNDA NA MWANAKE','150','1.16','200',0),(5481,5,1,5481,'030210','VCD RIRONI SDA CHURCH CHOIR','150','1.16','200',0),(5482,5,1,5482,'170060','VCD ULIMWENGU WA NAMNA YAKE','150','1.16','200',0),(5483,8,1,5483,'180367','WEDDING/SCRIPTURE PLAQUES','450','1.16','585',0),(5484,1,1,5484,'030126','WENDE NYASAYE ZIPPED','360','1.16','550',0),(5485,1,1,5485,'150178','WINNING ATTITUDES','578.5','1.16','750',0),(5486,1,1,5486,'070242','WINNING WITH PEOPLE','637','1.16','850',0),(5487,1,1,5487,'190135','ADVENTURERS ADMIN. MANUAL','70','1.16','100',0),(5488,1,1,5488,'190147','ADVENTURER CLASS MANUAL SUNBEA','70','1.16','100',0),(5489,1,1,5489,'190131','ADVENTURER CLASS MANUAL BUILDE','70','1.16','100',0),(5490,1,1,5490,'190145','ADVENTURER CLASS MANUAL HELPIN','70','1.16','100',0),(5491,1,1,5491,'190149','ADVENTURER CLASS MANUAL BUSY B','70','1.16','100',0),(5492,1,1,5492,'191141','PATHIFINDER MANUALS GUIDE','95','1.16','130',0),(5493,1,1,5493,'190143','PATHFINDER MANUAL RANGER','95','1.16','130',0),(5494,1,1,5494,'191142','PATHFINDER MANUALS VOYAGER','95','1.16','130',0),(5495,1,1,5495,'190010','PATHFINDER DRILL MANUALS','95','1.16','130',0),(5496,8,1,5496,'180381','WOOD BIG OVAL PLAQUE','60','1.16','800',0),(5497,2,1,5497,'010855','LOST SHEEP','150','1.16','350',0),(5498,2,1,5498,'020102','ADVENTURE PUZZLE','297','1.16','400',0),(5499,2,1,5499,'070270','CALLED TO DISCIPLESHIP','173.25','1.16','230',0),(5500,2,1,5500,'070272','PURSUING THE PASSION OF JESUS','707.85','1.16','950',0),(5501,2,1,5501,'010854','HAPPY CALF','150','1.16','350',0),(5502,2,1,5502,'150220','MAXWELL 3 IN 1','942.5','1.16','1250',0),(5503,1,1,5503,'060832','BIBLE KJV/SPIRIT OF PROPHECY S','1500','1.16','2000',0),(5504,5,1,5504,'030337','DVD KISII CENTRAL YOUTH CHOIR','150','1.16','200',0),(5505,1,1,5505,'130004','CASHEWNUT 50G','50','1.16','60',0),(5506,1,1,5506,'130006','CASHEW NUTS 100G','95','1.16','110',0),(5507,1,1,5507,'130028','PEANUT 50G','13','1.16','20',0),(5508,1,1,5508,'130029','PEANUT 100G','25','1.16','30',0),(5509,1,1,5509,'130030','PEANUT 200G','49','1.16','60',0),(5510,1,1,5510,'130031','PEANUT 250G','54','1.16','70',0),(5511,1,1,5511,'130032','MACADEMIA 50G','36','1.16','45',0),(5512,1,1,5512,'130033','PEANUT 500G','105','1.16','130',0),(5513,1,1,5513,'130034','MACADEMIA 100G','70','1.16','85',0),(5514,4,1,5514,'130035','DATES 250G','70','1.16','90',0),(5515,4,1,5515,'130036','DATES 500G','125','1.16','155',0),(5516,1,1,5516,'130037','RAISING 500G','320','1.16','400',0),(5517,1,1,5517,'130146','SOYA CHUNKS PROYA 150 G','50','1.16','60',0),(5518,3,1,5518,'060381','BIBLE NIV JOY\'S CHILDREN PINK','483','1.16','690',0),(5519,5,1,5519,'030338','DVD MJADALA WA UKUNDA','125','1.16','160',0),(5520,1,1,5520,'130089','HONEY TMPHS 1KG','390','1.16','490',0),(5521,5,1,5521,'030211','DVD AMAZING DISCOVERY','150','1.16','200',0),(5522,1,1,5522,'060400','BIBLE KISWAHILI DOGLOT ORDINAR','1092','1.16','1400',0),(5523,1,1,5523,'060382','BIBLE NIV PVC ZIPPED (FLAPPED)','465','1.16','620',0),(5524,3,1,5524,'060012','BIBLE KJV EASY READ','280','1.16','400',0),(5525,3,1,5525,'060013','BIBLE KJV MIXED COLOURS','900','1.16','1200',0),(5526,2,1,5526,'150219','21 INDISPENSABLE QUALITIES OF','513.5','1.16','790',0),(5527,3,1,5527,'0260245','BIBLE KISWAHILI DIGLOT SILVER','1560','1.16','2000',0),(5528,1,1,5528,'060239','BIBLE KISWAHILI DIGLOT GOLD','2028','1.16','2500',0),(5529,4,1,5529,'130182','SOYA MILK POWDER 500GM','500','1.16','600',0),(5530,1,1,5530,'020060','TEACHERS REATIME','900','1.16','900',0),(5531,1,1,5531,'130177','PEANUT CRUNCHY SUPERMEAL','94','1.16','120',0),(5532,5,1,5532,'030049','CD KITALE CENTRAL','100','1.16','150',0),(5533,1,1,5533,'130091','HONEY THPS 500GM','230','1.16','290',0),(5534,2,1,5534,'070271','SPIRITUAL JOURNEY TO GENEROUS','60','1.16','100',0),(5535,3,1,5535,'060299','BIBLE KISWAHILI INDEX GOLD','975','1.16','1200',0),(5536,5,1,5536,'0300326','DVD AMKENI KASARANI','150','1.16','200',0),(5537,3,1,5537,'060023','BIBLE NIV INDEX (S)','712.5','1.16','950',0),(5538,3,1,5538,'060025','BIBLE NIV INDEX (S)','900','1.16','1200',0),(5539,3,1,5539,'060016','BIBLE KJV GOLD','1404','1.16','1800',0),(5540,3,1,5540,'060015','BIBLE KJV BLUE','1170','1.16','1500',0),(5541,3,1,5541,'060031','BIBLE NLT LIFE APPLICATION','1885','1.16','2400',0),(5542,3,1,5542,'060041','BIBLE NLT LITTLE HEARTS','513.5','1.16','650',0),(5543,3,1,5543,'060028','BIBLE NLT CORDIAL','1080','1.16','1400',0),(5544,3,1,5544,'060040','BIBLE NLT GIRLS','1500','1.16','2000',0),(5545,3,1,5545,'060036','BIBLE NLT BOYS','1625','1.16','2050',0),(5546,8,1,5546,'60209','BIBLE CHALLENGE','2500','1.16','3300',0),(5547,8,1,5547,'060034','BIBLE BRAINSTORM','2500','1.16','3300',0),(5548,1,1,5548,'060831','BIBLE KISWAHILI 032','507','1.16','650',0),(5549,3,1,5549,'060050','BIBLE KISII 057 PZ','1170','1.16','1500',0),(5550,4,1,5550,'130038','RAISINS 1KG','620','1.16','750',0),(5551,3,1,5551,'060008','BIBLE NIV T/A ZIPPED (FLAP)','364','1.16','470',0),(5552,3,1,5552,'0600052','BIBLE KISWAHILI PC ZIPPED','1560','1.16','2000',0),(5553,3,1,5553,'060245','BIBLE GOODNEWS DIGLOT SILVER','1560','1.16','2000',0),(5554,3,1,5554,'060004','BIBLE NIV THINLINE','1250','1.16','1630',0),(5555,2,1,5555,'050103','BIBLE VERSIONS A CONSUMER GUID','215.3','1.16','280',0),(5556,3,1,5556,'060043','BIBLE NIV PEARL','442.5','1.16','590',0),(5557,3,1,5557,'060046','BIBLE NIV M. POCKET','214.5','1.16','390',0),(5558,3,1,5558,'060065','BIBLE NLT THINLINE POCKET','1500','1.16','2000',0),(5559,1,1,5559,'030002','ADVENTURER TEACHERS RESOURCE B','195','1.16','270',0),(5560,3,1,5560,'060085','BIBLE NLT STUDY','2210','1.16','2700',0),(5561,3,1,5561,'060096','BIBLE NLT SLIM CENTRE REF.','2100','1.16','2800',0),(5562,4,1,5562,'130014','HONEY LEO 250 GM','200','1.16','250',0),(5563,4,1,5563,'130012','HONEY LEO 500G','400','1.16','500',0),(5564,1,1,5564,'030067','CHRIST IN SONG','1039.5','1.16','1400',0),(5565,2,1,5565,'030071','DANIEL THE SEER OF BABYLON','188','1.16','250',0),(5566,4,1,5566,'130010','RAISING 250G','165','1.16','210',0),(5567,1,1,5567,'030005','MASTER GUIDE MANUAL','170','1.16','240',0),(5568,1,1,5568,'030006','BASIC STAFF TRAINING COURSE','195','1.16','270',0),(5569,3,1,5569,'060060','BIBLE KIKUYU PULPIT','1170','1.16','1500',0),(5570,5,1,5570,'030340','DVD KING\'S MINISTERS VOL2','200','1.16','250',0),(5571,2,1,5571,'072001','NOAH\'S ARK(LARGEBOARD)','280.5','1.16','360',0),(5572,5,1,5572,'030136','CD NEW LIFE SDA YOUTH','100','1.16','150',0),(5573,2,1,5573,'070273','ECCLESIASTES','173.25','1.16','230',0),(5574,2,1,5574,'150210','WHEN GOD SAID REMEMBER','35','1','50',0),(5575,3,1,5575,'060103','BIBLE NLT CENTRE-BROWN','1620','1.16','2200',0),(5576,4,1,5576,'130184','SOYA - TASTE PIECES','25','1.16','35',0),(5577,5,1,5577,'030342','DVD NASAFIRI JANGWANI','150','1.16','200',0),(5578,1,1,5578,'050056','WALIO WATEULE','120','1.16','160',0),(5579,1,1,5579,'030122','DVD NINYESU PEKEE','150','1.16','200',0),(5580,5,1,5580,'030135','DVD KING\'S MELODIES VOL 3','200','1.16','250',0),(5581,5,1,5581,'030021','DVD MBIU SDA CHOIR','150','1.16','250',0),(5582,5,1,5582,'030020','DVD IHEBO SDA CHOIR','200','1.16','250',0),(5583,1,1,5583,'050020','TESTIMONIES FOR THE CHURCH H/C','1800','1','2500',0),(5584,2,1,5584,'072011','MOSES & PEOPLE OF GOD-BLOCK','374','1.16','500',0),(5585,2,1,5585,'072003','BIRTH OF JESUS ( PUZZLE BLOCK)','374','1.16','500',0),(5586,2,1,5586,'150023','WINNING WITH PEOPLE','838.5','1.16','1100',0),(5587,3,1,5587,'060057','BIBLE NIV TRIMLINE H/C','495','1.16','650',0),(5588,3,1,5588,'060344','BIBLE NIV SMALL (SOFT)','420.75','1.16','550',0),(5589,5,1,5589,'030037','CD MATCHING  TO THE LORD','100','1.16','150',0),(5590,5,1,5590,'0301022','CD ALL TIME FAVORITE HYMNS','684.4','1','900',0),(5591,5,1,5591,'030032','CD GOLDEN HYMNS','928','1','1200',0),(5592,1,1,5592,'030138','DVD NYOOSHA MKONO','150','1.16','200',0),(5593,1,1,5593,'030139','DVD JERUSALEM MJI WA RAHA','150','1.16','200',0),(5594,5,1,5594,'060303','DVD LIKONI SDA CHURCH','150','1.16','200',0),(5595,4,1,5595,'060230','MY BIG FLAP BIBLE','448.5','1.16','585',0),(5596,3,1,5596,'060104','BIBLE KIKUYU','507','1.16','650',0),(5597,2,1,5597,'010011','CHURCH CULTURE AND SPIRITS','170','1.16','220',0),(5598,1,1,5598,'060203','BIBLE NLT BONDED LT','900','1.16','1200',0),(5599,3,1,5599,'060322','BIBLE KJV FAMILY','3960','1.16','5200',0),(5600,2,1,5600,'100016','GOSPEL WORKERS H/C','1485','1.16','1950',0),(5601,1,1,5601,'050021','CHURCH MANUAL H/C','297','1.16','450',0),(5602,1,1,5602,'050015','CARRY ALONG BIBLE','297','1.16','400',0),(5603,5,1,5603,'030960','DECORDERS','3210','1.16','3500',0),(5604,3,1,5604,'060304','BIBLE KISWAHILI 032 GOLD','663','1.16','850',0),(5605,3,1,5605,'060306','BIBLE KISWAHILI 052 GOLD','819','1.16','1050',0),(5606,8,1,5606,'180364','OVAL PLAQUE','175','1.16','230',0),(5607,8,1,5607,'180379','NEW BORN PLAQUE','200','1.16','260',0),(5608,8,1,5608,'180382','BIG OVAL PLQUE','650','1.16','845',0),(5609,8,1,5609,'180377','SMALL WEDDING PLAQUES','300','1.16','390',0),(5610,8,1,5610,'180375','SMALL SCRALL','400','1.16','520',0),(5611,8,1,5611,'180373','TABLETS','190','1.16','250',0),(5612,8,1,5612,'180369','FOOT PRINT','430','1.16','500',0),(5613,8,1,5613,'180376','LONG MATCH BOXES','125','1.16','165',0),(5614,8,1,5614,'180383','FRIDGE MAGNETS','70','1.16','90',0),(5615,8,1,5615,'180366','MUM/DAD/SIS/BRO PLAQUES','135','1.16','175',0),(5616,8,1,5616,'180368','RECORDS WITH STANDS','175','1.16','230',0),(5617,1,1,5617,'100034','GREAT HOPE','90','1.16','100',0),(5618,3,1,5618,'060321','BIBLE KJV ULTRA SLIM','1350','1.16','990',0),(5619,3,1,5619,'060132','BIBLE NKJV ULTRA SLIME','1267.5','1.16','1600',0),(5620,3,1,5620,'060159','BIBLE KJV SLIMELINE B/L','1650','1.16','2100',0),(5621,3,1,5621,'060158','BIBLE KJV STUDY H/C','1867.5','1.16','2400',0),(5622,3,1,5622,'060157','BIBLE KJV P/S GP REF','1642.5','1.16','2100',0),(5623,3,1,5623,'060131','BIBLE NKJV GP P/S','1642.5','1.16','2100',0),(5624,2,1,5624,'CODE NUMBER','DETAILS','0','1.16','0',0),(5625,2,1,5625,'010004','ADVENTURE STORIES FROM THE BIB','330','1.16','450',0),(5626,2,1,5626,'010005','AMAZING STORIES FROM THE BIBLE','330','1.16','430',0),(5627,2,1,5627,'010006','BIBLE STORIES TO COLOUR','65','1.16','80',0),(5628,2,1,5628,'010009','CASE OF SECRET CODE','330','1.16','430',0),(5629,2,1,5629,'010041','SECRET OF SQUAW ROCK','255','1.16','340',0),(5630,2,1,5630,'010049','THE BIBLE TELLS ME','315','1.16','410',0),(5631,2,1,5631,'010050','TREASURE OF THE MERRILLE','340','1.16','340',0),(5632,2,1,5632,'010053','WHOSE TAIL','42','1.16','55',0),(5633,2,1,5633,'010054','WING OF STEEL','264','1.16','440',0),(5634,2,1,5634,'010056','SEA, SAND AND STARS','30','1.16','50',0),(5635,2,1,5635,'010058','TOUGH GUY','90','1.16','150',0),(5636,2,1,5636,'010059','RUN AWAY LOVE','150','1.16','200',0),(5637,2,1,5637,'010064','FAITH STORY BOOK','1440','1.16','1900',0),(5638,2,1,5638,'010065','BOY AND BLUE BALLON','24','1.16','30',0),(5639,2,1,5639,'010074','GOD SPOKE TO A GIRL','52.8','1.16','70',0),(5640,2,1,5640,'020001','500 DEGREE IN THE SHADE','455','1.16','600',0),(5641,2,1,5641,'020002','CRY AT MIDNIGHT, A','336.6','1.16','450',0),(5642,2,1,5642,'020003','WAY T REMEMBER (S), A','28','1.16','40',0),(5643,2,1,5643,'020007','FRUIT TRAMP KIDS','298','1.16','400',0),(5644,2,1,5644,'020015','MARK, LEGION, SCHOOL HOUSE','69','1.16','90',0),(5645,2,1,5645,'020020','MONEY, SEX , SCHOOL','312','1.16','400',0),(5646,2,1,5646,'020023','QUESTIONS YOU\'RE ASKED','483','1.16','630',0),(5647,2,1,5647,'020026','SKEETER','330','1.16','430',0),(5648,2,1,5648,'020028','SWEET DREAMS','255','1.16','340',0),(5649,6,1,5649,'020031','CHILDREN LESS.CRADLE ROLL','216.6','1.16','350',0),(5650,6,1,5650,'020032','CHILDREN LESS.KINDERGATTEN','216.6','1.16','350',0),(5651,6,1,5651,'020033','CHILDREN LESS.POWERPOINT','216.6','1.16','350',0),(5652,1,1,5652,'020035','SUMMER OF MY OWN','120','1.16','200',0),(5653,1,1,5653,'020040','CELEBRATING POSITIVE CHOICES','90','1.16','120',0),(5654,2,1,5654,'020041','I LIKE TO TALK TO GOD','300','1.16','400',0),(5655,1,1,5655,'020042','SABBATH IS MY FAVORITE DAY','315','1.16','400',0),(5656,6,1,5656,'020048','CHILDREN LESS.PRIMARY','216.6','1.16','350',0),(5657,6,1,5657,'020049','CHILDREN LESS.CONER ST.','216.6','1.16','350',0),(5658,1,1,5658,'030004','CHILDREN SONGS FOR JESUS','60','1.16','80',0),(5659,1,1,5659,'030009','SDA HYMNAL MUSIC-CLOTH','930.6','1.16','1200',0),(5660,1,1,5660,'030010','WENDE NYASAYE','365','1.16','450',0),(5661,1,1,5661,'030011','TOLEO MALUUM','140','1.16','190',0),(5662,1,1,5662,'030012','NYIMBO ZA KRISTO','290','1.16','350',0),(5663,1,1,5663,'030013','OGOTERA KWA NYASAYE','350','1.16','450',0),(5664,1,1,5664,'030014','SDA HYMNAL WORD EDITION','346.5','1.16','600',0),(5665,5,1,5665,'030016','CASSETTE ALL','80','1.16','100',0),(5666,1,1,5666,'030017','SDA HYMNAL MUSIC-SMALL','594','1.16','800',0),(5667,5,1,5667,'030018','CD KURASINI','190','1.16','250',0),(5668,3,1,5668,'030027','CD THE POWER BIBLE','2000','1.16','2400',0),(5669,3,1,5669,'030035','SDA HYMNAL/BIBLE SET (SMALL)','2871','1.16','3750',0),(5670,1,1,5670,'040055','KOFA MATHEMATICAL SET','29.16','1.16','35',0),(5671,1,1,5671,'040147','EXERCISE BKS 32','3.51','1.16','5',0),(5672,1,1,5672,'040148','EXERCISE BKS 96','9.9','1.16','15',0),(5673,7,1,5673,'040150','EXERCISE BKS 80','8.26','1.16','12',0),(5674,1,1,5674,'040152','EXERCISE BKS 120','8.09','1.16','17',0),(5675,1,1,5675,'040154','EXERCISE BKS 200','20.56','1.16','30',0),(5676,7,1,5676,'040156','EXERCISE BKS 64','7.5','1.16','10',0),(5677,7,1,5677,'040158','EXERCISE BKS 48','5.26','1.16','8',0),(5678,1,1,5678,'040180','ENVELOP C4','1.48','1.16','5',0),(5679,1,1,5679,'040182','ENVELOPE B5','1','1.16','5',0),(5680,1,1,5680,'040184','ENVELOP C5','1.2','1.16','7',0),(5681,7,1,5681,'040186','ENVELOPE DL BROWN','0.54','1.16','2',0),(5682,1,1,5682,'040188','ENVELOPE DL WHITE','1.16','1.16','2',0),(5683,1,1,5683,'040200','TRIPLIRATE BOOK A5','146','1.16','200',0),(5684,1,1,5684,'040205','INVOICE BOOK A6','32.48','1.16','40',0),(5685,1,1,5685,'040210','CASH SALE A4 4*1','55.68','1.16','75',0),(5686,1,1,5686,'040220','MASTER ROLL A5 1QUIRE','60.32','1.16','85',0),(5687,1,1,5687,'040225','MASTER ROLL A4 1QUIRE','95.12','1.16','135',0),(5688,1,1,5688,'040230','DELIVERY BOOK A5','64.95999999999999','1.16','90',0),(5689,1,1,5689,'040235','DELIVERY BOOK A6','32.46','1.16','45',0),(5690,1,1,5690,'040240','INVOICE BOOK A5','64.95999999999999','1.16','90',0),(5691,1,1,5691,'040255','CARBON','7.5','1.16','10',0),(5692,1,1,5692,'050001','600 MINUTES WITH GOD','200','1.16','260',0),(5693,2,1,5693,'050002','DAUGHTERS OF GOD','950.4','1.16','1250',0),(5694,1,1,5694,'050012','BASIC LITERATURE EVANGILISM','72','1.16','100',0),(5695,2,1,5695,'050013','CAREER LE.OBJECTIONS','90','1.16','150',0),(5696,2,1,5696,'050014','CAREER LE.CLOSING A SALE','108','1.16','150',0),(5697,1,1,5697,'050016','CHURCH MANUAL-SOFT','297','1.16','400',0),(5698,1,1,5698,'050017','TEN WHO LEFT','447','1.16','590',0),(5699,1,1,5699,'050018','TEN WHO CAME BACK','498','1.16','650',0),(5700,1,1,5700,'050030','HANDLING HOSTILE PEOPLE','50.4','1.16','65',0),(5701,2,1,5701,'050034','HOW DARE YOU JUDGE US','403.2','1.16','530',0),(5702,1,1,5702,'050036','HOW TO GET ALONG WITH OTHERS','50.4','1.16','65',0),(5703,1,1,5703,'050038','I CANT FIND A HEART BEAT','420','1.16','550',0),(5704,1,1,5704,'050042','KNOWING GOD IN THE REAL WORLD','655.2','1.16','850',0),(5705,1,1,5705,'050046','OUTRAGEOUS GRACE','100.8','1.16','150',0),(5706,1,1,5706,'050050','RELIGION THAT WORKS','100.8','1.16','150',0),(5707,2,1,5707,'050054','SCANDAL OF THE BIBLE','200','1.16','280',0),(5708,1,1,5708,'050060','UNDERSTANDING INTIM.VIOLENCE','462','1.16','600',0),(5709,1,1,5709,'050068','PROBLEM OF HUMAN SUFFERING','46.75','1.16','75',0),(5710,3,1,5710,'060001','BIBLE CLEAR WORD YOUTH','408','1.16','530',0),(5711,1,1,5711,'060002','BIBLE COMMMENTARY 12VOL.','24750','1.16','32200',0),(5712,1,1,5712,'060003','BIBLE STUDY/E.G.W COMMENTS','3120','1.16','4100',0),(5713,1,1,5713,'060005','BIBLE KJV PULPIT HHES','1300','1.16','1600',0),(5714,3,1,5714,'060007','BIBLE NIV LEATHER','1560','1.16','2000',0),(5715,3,1,5715,'060010','BIBLE NIV STD EDITION','413','1.16','530',0),(5716,3,1,5716,'060017','BIBLE KJV 2000 RED SOFT','280','1.16','300',0),(5717,3,1,5717,'060018','BIBLE RSV-GREEN','429','1.16','550',0),(5718,3,1,5718,'060019','BIBLE GOOD NEWS','468','1.16','600',0),(5719,3,1,5719,'060021','BIBLE NKJV SMALLEST','1500','1.16','1800',0),(5720,3,1,5720,'060024','BIBLE KJV PERSONAL SIZE GIANT','2025','1.16','2700',0),(5721,3,1,5721,'060022','BIBLE NKJV NELSON COMPACT REF','1500','1.16','1800',0),(5722,3,1,5722,'060026','BIBLE NKJV NELSONS CLASSIC','1200','1.16','1600',0),(5723,3,1,5723,'060027','BIBLE NKJV SMALLEST FLAP','1500','1.16','1790',0),(5724,3,1,5724,'060029','BIBLE NKJV COMPACT REF','850','1.16','1100',0),(5725,3,1,5725,'060038','BIBLE NIV/KJV PARALLEL','1600','1.16','1900',0),(5726,3,1,5726,'060039','BIBLE NKJV SLIMLINE','1200','1.16','1600',0),(5727,3,1,5727,'060042','BIBLE THE NEW ADVENTURE NIV','600','1.16','700',0),(5728,3,1,5728,'060048','BIBLE LUO NEW EDITION.','585','1.16','750',0),(5729,3,1,5729,'060070','BIBLE KISWAHILI LARGE','487','1.16','600',0),(5730,3,1,5730,'060080','BIBLE NIV SMALL HD','435','1.16','580',0),(5731,3,1,5731,'060081','BIBLE NIV SMALL SOFT','273','1.16','500',0),(5732,3,1,5732,'060086','BIBLE NIV PERSONAL P/L','1050','1.16','1400',0),(5733,3,1,5733,'060090','BIBLE NIV FREEDOM','450','1.16','540',0),(5734,3,1,5734,'060093','BIBLE NIV COLLEGIATE','800','1.16','960',0),(5735,3,1,5735,'060095','BIBLE PARALLEL (HARD)','2400','1.16','3000',0),(5736,3,1,5736,'060100','BIBLE NIV OFFICIAL','600','1.16','720',0),(5737,3,1,5737,'060102','BIBLE NIV CHILDREN','600','1.16','720',0),(5738,3,1,5738,'060106','BIBLE KJV SMALLEST','700','1.16','850',0),(5739,3,1,5739,'060108','BIBLE KJV NEW TESTAMENT','90','1.16','120',0),(5740,3,1,5740,'060114','BIBLE NKJV LEATHER COMPACT','763','1.16','1090',0),(5741,3,1,5741,'060116','BIBLE NKJV SOFT (COMPACT)','343','1.16','490',0),(5742,3,1,5742,'060118','BIBLE NIV ADD.NOTES','375','1.16','500',0),(5743,3,1,5743,'060120','BIBLE NIV LARGE PRINT','742.5','1.16','990',0),(5744,3,1,5744,'060125','BIBLE TODAYS PARALLEL','2400','1.16','3000',0),(5745,3,1,5745,'060126','BIBLE KJV LIV. (ZIPPED)','372','1.16','490',0),(5746,3,1,5746,'060128','BIBLE NIV ADD NOTES (ZIPPED)','517','1.16','640',0),(5747,3,1,5747,'060130','BIBLE NKJV HARD-SMALL','413','1.16','590',0),(5748,3,1,5748,'060133','BIBLE NKJV (GIANT)','800','1.16','1500',0),(5749,3,1,5749,'060135','BIBLE TODAYS PARALLEL LEATHER','2800','1.16','3500',0),(5750,3,1,5750,'060146','BIBLE NIRV KIDS DEVOTIONAL','500','1.16','625',0),(5751,3,1,5751,'060152','BIBLE KJV 2000(ZIPPED)','325','1.16','450',0),(5752,3,1,5752,'060162','BIBLE NIV TEENSTUDY (LEATHER)','1000','1.16','1200',0),(5753,3,1,5753,'060166','BIBLE NRSV HOLY BIBLE (HARD)','350','1.16','420',0),(5754,3,1,5754,'060169','BIBLE KISWAHILI B.LEAGUE','350','1.16','450',0),(5755,1,1,5755,'060182','BIBLE NIV STUDENT','750','1.16','1000',0),(5756,3,1,5756,'060190','BIBLE NIV SOFT COVER','258.5','1.16','500',0),(5757,2,1,5757,'070006','ADVENTIST AND ARMAGEDDON','510','1.16','670',0),(5758,2,1,5758,'070011','BEYOND THE VEIL','561','1.16','750',0),(5759,1,1,5759,'070013','BIBLE READING','135','1.16','180',0),(5760,1,1,5760,'070015','BRING BACK THE GLORY','660','1.16','860',0),(5761,1,1,5761,'070018','CHRIST IS COMING','1275','1.16','1660',0),(5762,2,1,5762,'070026','CROSS AND ITS SHADOW','990','1.16','1290',0),(5763,1,1,5763,'070032','FROM SABBATH TO SUNDAY','288','1.16','374',0),(5764,1,1,5764,'070034','GIVE THE HOLY SPIRIT A CHANCE','360','1.16','470',0),(5765,2,1,5765,'070035','GOD CARES','1795.2','1.16','2350',0),(5766,1,1,5766,'070040','HARD TO BE LOST','435','1.16','570',0),(5767,1,1,5767,'070041','HOMOSEXUALITY IN HISTORY & SCR','345','1.16','450',0),(5768,1,1,5768,'070043','IMMORTALITY OR RESURRECTION','597','1.16','780',0),(5769,1,1,5769,'070046','ISSUES IN HEBREWS','435','1.16','570',0),(5770,1,1,5770,'070048','LOVE, RESTORATION AND RENEWAL','102','1.16','135',0),(5771,1,1,5771,'070051','OUR FAITH AND MISSION','105','1.16','130',0),(5772,2,1,5772,'070056','REMNANT IN CRISIS, A','216','1.16','300',0),(5773,2,1,5773,'070062','WHEN GOD LIVED IN A TENT','111','1.16','145',0),(5774,1,1,5774,'070066','28 FUNDAMENTAL BELIEFS','300','1.16','300',0),(5775,2,1,5775,'070067','FUNDAMENTALS OF SDA FAITH','150','1.16','200',0),(5776,2,1,5776,'070069','EXPERIENCING THE POWER','390','1.16','510',0),(5777,2,1,5777,'070073','WHAT TO SAY','300','1.16','390',0),(5778,2,1,5778,'070074','NO HIGHER CALLING','36','1.16','50',0),(5779,3,1,5779,'070089','GOODNEWS IS BETTER','90','1.16','150',0),(5780,2,1,5780,'070093','MOUNT OF BLESSING','126','1.16','200',0),(5781,2,1,5781,'070094','BEYOND PRISON WALLS','270','1.16','350',0),(5782,2,1,5782,'070100','SOME CALL IT HERESY','108','1.16','140',0),(5783,2,1,5783,'070106','LAST TROLLEY OUT','420','1.16','550',0),(5784,2,1,5784,'070107','HOW TO TEACH BIBLE WITH PO','431','1.16','575',0),(5785,2,1,5785,'070113','BIBLE COMMENTARY-ASS','600','1.16','750',0),(5786,1,1,5786,'070115','MAFUNDISHO YA BIBLIA','80','1.16','100',0),(5787,1,1,5787,'070119','MINISTERS HANDBOOK','462','1.16','600',0),(5788,1,1,5788,'070121','VISION BOLD','210','1.16','273',0),(5789,1,1,5789,'070122','VOICE IN THE NIGHT VISION','3','1.16','5',0),(5790,1,1,5790,'070130','BIBLE AMPLIFIER MATHEW-HARD','285','1.16','400',0),(5791,1,1,5791,'070135','HE IS LISTENING','151','1.16','200',0),(5792,1,1,5792,'070140','POINTED AND PERSONAL','177.65','1.16','220',0),(5793,1,1,5793,'070144','CHRISTIAN AND ROCK MUSIC','840','1.16','1100',0),(5794,1,1,5794,'070145','GIFT OF PROPHESY','104','1.16','125',0),(5795,1,1,5795,'070146','DOES GODS GRACE ANNUL HIS LAW','6.72','1.16','10',0),(5796,1,1,5796,'070150','FASCINATING FACTS','168','1.16','220',0),(5797,1,1,5797,'070158','IT WONT FLY IF YOU DONT TRY','150','1.16','180',0),(5798,1,1,5798,'070166','YOU CAN KEEP THEM IF YOU WANT','150','1.16','180',0),(5799,1,1,5799,'070168','PREACHING THE FOUR FACES','150','1.16','200',0),(5800,1,1,5800,'070170','PATH STRAIGHT, A','200','1.16','240',0),(5801,1,1,5801,'070174','PLANT THE FUTURE','100','1.16','120',0),(5802,1,1,5802,'070184','MINE THE WORD','150','1.16','180',0),(5803,1,1,5803,'090003','ABC\'s OF BIBLE PRAYER','420','1.16','550',0),(5804,1,1,5804,'090005','BECAUSE YOU PRAYED','504.9','1.16','470',0),(5805,1,1,5805,'090007','INCREDIBLE ANSWER TO PRAYER','330','1.16','430',0),(5806,2,1,5806,'090014','TRANSFORMING PRAYER','471','1.16','780',0),(5807,1,1,5807,'090016','WHEN YOU NEED INCREDIBLE ANSWE','330','1.16','550',0),(5808,1,1,5808,'100001','ADVENTIST HOME','701.25','1.16','900',0),(5809,1,1,5809,'100003','CHRISTIAN SERVICE','510','1.16','670',0),(5810,1,1,5810,'100004','COLPOTEUR MINISTRY','132','1.16','200',0),(5811,2,1,5811,'100005','COUNSELS FOR THE CHURCH','841.5','1.16','1100',0),(5812,1,1,5812,'100007','COUNSELS ON HEALTH','841.5','1.16','1100',0),(5813,2,1,5813,'100008','COUNSELS ON STEWARDSHIP','1069.2','1.16','1400',0),(5814,1,1,5814,'100011','EARLY WRITINGS','701.25','1.16','900',0),(5815,2,1,5815,'100012','EVANGELISM','1244.1','1.16','1620',0),(5816,1,1,5816,'100014','FUNDAMENTAL OF CHRISTIAN EDUC','1039.5','1.16','1400',0),(5817,1,1,5817,'100015','GOSPEL WORKERS','546','1.16','710',0),(5818,1,1,5818,'100025','SPIRIT OF PROPHECY-4VOLS','1920','1.16','2500',0),(5819,1,1,5819,'100027','TEMPRANCE','540','1.16','900',0),(5820,2,1,5820,'100030','EDUCATION SOFT','198','1.16','260',0),(5821,2,1,5821,'100032','MINISTRY OF HEALING -SOFT','198','1.16','250',0),(5822,1,1,5822,'100033','COUNSELS ON SABBATH WORKS','510','1.16','670',0),(5823,1,1,5823,'100036','TESTIMONY TO THE CHURCH 9 VOL','6048','1.16','7870',0),(5824,1,1,5824,'100037','BIBLE COMMENTARY E.G WHITE VOL','660','1.16','860',0),(5825,1,1,5825,'100038','SPIRIT OF PROPHECY LIBRARY 3VO','4680','1.16','6100',0),(5826,1,1,5826,'100041','SPIRITUAL GIFT VOL1-4','1020','1.16','1700',0),(5827,1,1,5827,'100045','DANIEL & REVELATION EGW COMM.','1800','1.16','2300',0),(5828,2,1,5828,'100047','CHRIST OBJECT (SOFT)','198','1.16','300',0),(5829,2,1,5829,'100050','MARANATHA-THE LORD IS COMING','909.15','1.16','1200',0),(5830,2,1,5830,'100054','HISTORY OF REDEMPTION','422.5','1.16','600',0),(5831,1,1,5831,'100424','STORY OF REDEMPTION','374','1.16','500',0),(5832,1,1,5832,'100430','COUNSELS ON DIET & FOODS (SOFT','220','1.16','300',0),(5833,2,1,5833,'100432','COUNSELS ON EDUCATION','792','1.16','1030',0),(5834,2,1,5834,'100434','COUNTRY LIVING','126','1.16','320',0),(5835,1,1,5835,'100436','HAPPINESS DIGEST','90','1.16','120',0),(5836,1,1,5836,'120001','ADVENTISM IN KENYA','30','1.16','50',0),(5837,1,1,5837,'120002','ATTACK OF ANGRY LEGEND','255','1.16','335',0),(5838,1,1,5838,'120004','BILLY GRAHAM','210','1.16','280',0),(5839,1,1,5839,'120005','CANCER AT 3:00AM','85','1.16','140',0),(5840,1,1,5840,'120008','DAY EVILDIES','105','1.16','140',0),(5841,1,1,5841,'120009','DAY OF THE DRAGON','435','1.16','570',0),(5842,1,1,5842,'120027','SDA CHURCH IN AFRICA (SOFT)','20','1.16','30',0),(5843,2,1,5843,'130003','MISSIONARY MANNA','125','1.16','180',0),(5844,2,1,5844,'130005','FABULOUS FOODS','300','1.16','500',0),(5845,1,1,5845,'130008','60 WAY TO ENERGIZE','96','1.16','130',0),(5846,1,1,5846,'130016','REVERSING HIGH BLOOD PRESSURE','75.59999999999999','1.16','100',0),(5847,4,1,5847,'130040','SOYA DRINK','38','1.16','55',0),(5848,1,1,5848,'130060','BISCUITS ASSORTED','75','1.16','80',0),(5849,1,1,5849,'130066','HERBAL TEA','75.48999999999999','1.16','100',0),(5850,1,1,5850,'130067','LEMON GRASS TIN 100GR','75','1.16','100',0),(5851,1,1,5851,'130070','HERBAL TEA SATCHET','95','1.16','120',0),(5852,1,1,5852,'130098','ADVENTIST HEALTH STYLE','378','1.16','500',0),(5853,1,1,5853,'130102','DRUGS HERB & NATURAL REMEDIES','630','1.16','850',0),(5854,4,1,5854,'130106','SOYA CHUNKS 400gms','150','1.16','180',0),(5855,4,1,5855,'130107','SOYA CHUNKS 200G','80','1.16','100',0),(5856,1,1,5856,'130108','SOYA CHUNKS 100G','60','1.16','60',0),(5857,1,1,5857,'130110','SUPA SOYA 100G','38.75','1.16','55',0),(5858,1,1,5858,'130111','SUPA SOYA 200gms(TIN)','63.23','1.16','90',0),(5859,1,1,5859,'130112','SUPA SOYA 35gms(SACHET)','11.5','1.16','15',0),(5860,1,1,5860,'130133','NEW BABY SOYA 500G','65','1.16','80',0),(5861,1,1,5861,'130150','SOYA INSTANT PORRIDGE','60','1.16','75',0),(5862,1,1,5862,'130155','HEALTH BOOSTER','105','1.16','120',0),(5863,1,1,5863,'130160','SOYA FLOUR 500G','75','1.16','90',0),(5864,1,1,5864,'130165','WHEAT GERM 500G','65','1.16','80',0),(5865,1,1,5865,'140004','CONSIDERING DIVORCE','42','1.16','60',0),(5866,1,1,5866,'140005','HAPPINESS HOME MADE','378','1.16','500',0),(5867,1,1,5867,'140008','HIGHLY EFFECTIVE MARRIAGE','513.01','1.16','710',0),(5868,1,1,5868,'140016','WHEN YOUR CHILD TURN FROM GOD','462','1.16','650',0),(5869,1,1,5869,'140017','WHY OUR TEENAGER LEAVE CHURCH','546','1.16','710',0),(5870,1,1,5870,'140026','STRONG MEDICINE FOR A SICK','100','1.16','150',0),(5871,1,1,5871,'140030','WORKING MOTHERS','233.75','1.16','300',0),(5872,1,1,5872,'150003','ANGELS WE NEVER WALK ALONE','315','1.16','410',0),(5873,1,1,5873,'150008','EVEN AT THE DOOR','591','1.16','985',0),(5874,1,1,5874,'150009','FACE TO FACE WITH FORGIVENESS','519','1.16','680',0),(5875,1,1,5875,'150011','GOD OF RELATIONSHIP(S.KUBO)','174','1.16','220',0),(5876,1,1,5876,'150014','GODS AMAZING GRACE','546','1.16','710',0),(5877,1,1,5877,'150021','HEART REMEMBERS','72','1.16','100',0),(5878,1,1,5878,'150025','HOW TO BELIEVE WHEN YOU HURT','50.4','1.16','65',0),(5879,1,1,5879,'150027','HOW TO KNOW GODS WILL IN YOUR','435','1.16','570',0),(5880,1,1,5880,'150032','IN PRESENCE OF ANGELS','476','1.16','680',0),(5881,1,1,5881,'150038','LONGING TO BE LOVED','435','1.16','570',0),(5882,1,1,5882,'150042','MIRACLE STORIES FROM THE BIBLE','360','1.16','470',0),(5883,1,1,5883,'150045','NO MASK REQUIRED','200','1.16','315',0),(5884,1,1,5884,'150055','STAND AT THE CROSS','453','1.16','650',0),(5885,1,1,5885,'150057','STRANGERS IN THE SHADOWS','255','1.16','425',0),(5886,1,1,5886,'150059','SUNDAYS COMING (UPDATED ED.','597','1.16','780',0),(5887,2,1,5887,'150067','WHAT MANNER OF LOVE','276','1.16','360',0),(5888,1,1,5888,'150072','WHEN YOUR FAITH IS SHAKEN','100.8','1.16','150',0),(5889,2,1,5889,'150074','WHISPERS IN THE WIND','255','1.16','425',0),(5890,1,1,5890,'150075','WILL YOU STILL LOVE ME TOMORRO','345','1.16','450',0),(5891,1,1,5891,'150076','WRESTLING WITH REALITY','435','1.16','570',0),(5892,2,1,5892,'150078','LINDY CHAMBELAIN','270','1.16','350',0),(5893,1,1,5893,'150081','HANDBOOK FOR BIBLE STUDY','840','1.16','1100',0),(5894,2,1,5894,'150094','ROSE OF BETHANY','120','1.16','160',0),(5895,1,1,5895,'150108','CHRISTS ROYAL BRIDE','126','1.16','170',0),(5896,1,1,5896,'150115','STEPS TO CHRIST','110','1.16','110',0),(5897,1,1,5897,'150120','THESE TRUTH WE HOLD','250','1.16','100',0),(5898,1,1,5898,'150126','CHANGING PROBLEMS','56.1','1.16','75',0),(5899,1,1,5899,'150122','THESE TRUTH SHALL TRIUMPH','100','1.16','100',0),(5900,2,1,5900,'150130','COMFORT QUOTE BK','302.4','1.16','400',0),(5901,1,1,5901,'150134','GREAT PRAYER & PRAY ERS','453.6','1.16','590',0),(5902,1,1,5902,'160009','SABBATH REGISTER','25','1.16','30',0),(5903,5,1,5903,'170003','VIDE0  STORY KEEPERS-SINK','1050','1.16','1500',0),(5904,5,1,5904,'170006','VIDEO STORY KEEPERS-EASTER','1050','1.16','1500',0),(5905,5,1,5905,'170007','VIDEO SING ALONG -1','980','1.16','1400',0),(5906,5,1,5906,'170008','VIDEO STORY KEEPERS-ESCAPE','840','1.16','1200',0),(5907,5,1,5907,'170009','VIDEO SING ALONG 2','980','1.16','1400',0),(5908,5,1,5908,'170011','VIDEO KIDS PRAISE -5','980','1.16','1280',0),(5909,5,1,5909,'170020','VIDEO DANIEL PROPHECY','8640','1.16','10800',0),(5910,5,1,5910,'170025','VIDEO ALISHUKA','400','1.16','500',0),(5911,5,1,5911,'170030','VIDEO KURASINI','250','1.16','400',0),(5912,5,1,5912,'170035','VIDEO VEGGIE-GOD WANT ME','1050','1.16','1370',0),(5913,5,1,5913,'170040','VIDEO STORY KEEPER-TRICKED','1050','1.16','1370',0),(5914,1,1,5914,'180003','COMMUNION CUPS','20','1.16','25',0),(5915,8,1,5915,'180004','BOOKMARKS','12','1.16','20',0),(5916,8,1,5916,'180060','BIBLE POCKETS','150','1.16','200',0),(5917,1,1,5917,'180090','DEDICATION CARDS','12','1.16','20',0),(5918,8,1,5918,'180127','KEY/PEN HOLDER-100(OVAL)','70','1.16','100',0),(5919,8,1,5919,'180133','KEY/PEN HOLDER-120(ROUND)','100','1.16','120',0),(5920,6,1,5920,'180186','LESSON COVERS','70','1.16','80',0),(5921,1,1,5921,'190003','CHURCH HERITAGE','108','1.16','150',0),(5922,1,1,5922,'190009','CHILDREN MINISTRIES','450','1.16','600',0),(5923,1,1,5923,'190012','PATHFINDER CURRICULUMS','150','1.16','180',0),(5924,1,1,5924,'190014','ADVENTURERS AWARD BOOK','100','1.16','120',0),(5925,1,1,5925,'190019','ADVENTURERS MANUALS','150','1.16','180',0),(5926,1,1,5926,'190033','MASTER GUIDE SCAFF','80','1.16','100',0),(5927,1,1,5927,'190037','YOUTH BAPTISMAL GUIDE','65','1.16','85',0),(5928,1,1,5928,'190046','HONOR BADGES','33','1.16','40',0),(5929,1,1,5929,'190047','KNOT TYING MANUAL','45','1.16','50',0),(5930,1,1,5930,'190082','PATHFINDER CAP','80','1.16','100',0),(5931,1,1,5931,'190083','PATHFINDER SASH','80','1.16','100',0),(5932,1,1,5932,'190085','ADVENTURERS SCAFF','65','1.16','80',0),(5933,1,1,5933,'190086','ADVENTURERS CAPS','80','1.16','100',0),(5934,1,1,5934,'190088','ADVENTURERS SASH','80','1.16','100',0),(5935,1,1,5935,'190090','YOUTH SCAFFS','80','1.16','100',0),(5936,1,1,5936,'190091','YOUTH TIE','125','1.16','150',0),(5937,1,1,5937,'190096','YOUTH T SHIRTS','220','1.16','250',0),(5938,1,1,5938,'190098','DORCAMO SCAFF','107','1.16','150',0),(5939,1,1,5939,'190099','DORCAMO CAPS','80','1.16','100',0),(5940,1,1,5940,'190100','DORCAMO BADGE','80','1.16','100',0),(5941,1,1,5941,'190102','DORCAMO T SHIRTS','225','1.16','250',0),(5942,1,1,5942,'190103','DORCAMO TIE','125','1.16','150',0),(5943,1,1,5943,'190110','WHISTLE ROPE','40','1.16','50',0),(5944,1,1,5944,'190113','WAGON','40','1.16','50',0),(5945,2,1,5945,'190118','GOSPEL ACCORDING TO ME','90','1.16','100',0),(5946,1,1,5946,'190120','HEART & MIND LEADERS GUIDE','45','1.16','50',0),(5947,1,1,5947,'190121','HEART & MIND PARTICIPANTS','22.5','1.16','25',0),(5948,1,1,5948,'190122','HEART AND MIND PARENTS GUIDE','45','1.16','50',0),(5949,2,1,5949,'190125','COMMON SENSE NUTRITION','90','1.16','100',0),(5950,1,1,5950,'190128','AY LEGION OF HONOR','9','1.16','10',0),(5951,1,1,5951,'190130','YOUTH MEMBERSHIP','3','1.16','10',0),(5952,1,1,5952,'190133','MASTER GUIDE CERTIFICATES','9','1.16','10',0),(5953,1,1,5953,'190134','PATHFINDER ACHIEVEMENT CERT.','9','1.16','10',0),(5954,1,1,5954,'190136','ADVENTURERS ACHIEVEMENT CERT.','4.5','1.16','5',0),(5955,1,1,5955,'190144','PATHFINDER ACHIEV. HONOR CERT.','9','1.16','10',0),(5956,1,1,5956,'190152','EAGER BEEVER CAPS','80','1.16','100',0),(5957,2,1,5957,'999','PURCHASES','0.5','1.16','1',0),(5958,3,1,5958,'070083','BIBLE AMPLIFIER JOHN','245','1.16','300',0),(5959,3,1,5959,'070082','BIBLE AMPLIFIER JAMES','210','1.16','300',0),(5960,3,1,5960,'070110','BIBLE AMPLIFIER DANIEL 7-12(S)','210','1.16','300',0),(5961,2,1,5961,'070075','BIBLE AMPLIFIER EXODUS HD','285','1.16','400',0),(5962,3,1,5962,'070111','BIBLE AMPLIFIER 2COR.','210','1.16','350',0),(5963,3,1,5963,'060009','BIBLE KJV H.M.RICHARD','1560','1.16','2000',0),(5964,3,1,5964,'060071','BIBLE KISWAHILI MEDIUM','413.4','1.16','480',0),(5965,8,1,5965,'180200','PLASTER SERVE THE LORD','15','1.16','20',0),(5966,1,1,5966,'060174','BIBLE KJV 2000 SMALL HD','255','1.16','350',0),(5967,1,1,5967,'060172','BIBLE KJV 2000 DEVOTION','300','1.16','500',0),(5968,3,1,5968,'060030','BIBLE KJV COMPACT REFF.','800','1.16','1050',0),(5969,3,1,5969,'060087','BIBLE NIV PERSONAL REF.I/L','742.5','1.16','990',0),(5970,3,1,5970,'060156','BIBLE NIV (GIANT)LEATHER','1200','1.16','1500',0),(5971,1,1,5971,'060176','BIBLE NIV TOPICAL STUDY','560','1.16','700',0),(5972,3,1,5972,'060032','BIBLE NIV TOPICAL STUDY','700','1.16','800',0),(5973,3,1,5973,'060094','BIBLE NIV DISCOVERERS','480','1.16','600',0),(5974,3,1,5974,'060112','BIBLE KISWAHILI PULPIT','2730','1.16','3500',0),(5975,3,1,5975,'060051','BIBLE KISWAHILI 052','585','1.16','750',0),(5976,7,1,5976,'040012','BIC PEN','8.800000000000001','1.16','10',0),(5977,8,1,5977,'010807','BOOKMARK PENS','156','1.16','200',0),(5978,3,1,5978,'060055','BIBLE KALENJIN','585','1.16','750',0),(5979,2,1,5979,'070104','CALCULATED GOODNESS','90','1.16','120',0),(5980,1,1,5980,'040254','CARBON PAPER BLACK','3.5','1.16','5',0),(5981,1,1,5981,'040253','CARBON PAPER SAILING B.','1.1','1.16','2',0),(5982,8,1,5982,'180048','CARDS-95','65','1.16','95',0),(5983,8,1,5983,'180047','CARDS-160','120','1.16','160',0),(5984,8,1,5984,'180061','CARDS-170','130','1.16','170',0),(5985,8,1,5985,'180062','CARDS-130','99','1.16','130',0),(5986,8,1,5986,'180033','CARDS-60','36','1.16','60',0),(5987,8,1,5987,'180038','CARDS-165','125','1.16','165',0),(5988,8,1,5988,'180043','CARDS-130','99','1.16','130',0),(5989,8,1,5989,'180042','CARDS-20','14','1.16','20',0),(5990,8,1,5990,'180045','CARDS-40','30','1.16','40',0),(5991,8,1,5991,'180046','CARDS-145','110','1.16','145',0),(5992,8,1,5992,'180031','CARDS-75','62','1.16','75',0),(5993,8,1,5993,'180025','CARDS-60','25','1.16','60',0),(5994,8,1,5994,'180035','CARDS-85','58','1.16','85',0),(5995,8,1,5995,'180026','CARDS-30','22','1.16','30',0),(5996,5,1,5996,'030019','CD I MUST TELL JESUS','500','1.16','600',0),(5997,5,1,5997,'030026','CD KINGS MESSANGER','200','1.16','350',0),(5998,1,1,5998,'040126','CELLOTAPE 1/2\"','6.25','1.16','10',0),(5999,7,1,5999,'040124','CELLOTAPE 1\"','13.33','1.16','20',0),(6000,1,1,6000,'040122','CELLOTAPE 3/4\"','10','1.16','15',0),(6001,1,1,6001,'070020','CHRIST OUR RIGHTEOUSNESS','255','1.16','340',0),(6002,1,1,6002,'190001','CHURCH GROWTH FOR SS','172','1.16','200',0),(6003,1,1,6003,'040132','COUNTERBOOK 1Q','40','1.16','60',0),(6004,1,1,6004,'040136','COUNTERBOOK 3Q','90','1.16','120',0),(6005,1,1,6005,'040134','COUNTERBOOK 2Q','70','1.16','100',0),(6006,1,1,6006,'040245','DELIVERY BOOK-LETTER','121','1.16','170',0),(6007,2,1,6007,'010016','DET.ZACK-1#-SECRET NOAHS FLOOD','330','1.16','430',0),(6008,1,1,6008,'100423','INDEX EGW 3VOL','3900','1.16','5100',0),(6009,1,1,6009,'070030','ELDERS HANDBOOK','300','1.16','500',0),(6010,7,1,6010,'180011','ERASSER HEART/BEAR','46.8','1.16','60',0),(6011,7,1,6011,'180013','ERASSER GOMMER','0.75','1.16','1',0),(6012,7,1,6012,'180008','ERASSER FISH/RABBIT','31.2','1.16','40',0),(6013,1,1,6013,'150010','FALSE BALANCE','339','1.16','450',0),(6014,1,1,6014,'150110','FREE AT LAST','540','1.16','700',0),(6015,1,1,6015,'100422','EGW FRIEND OF ANGELS','450','1.16','590',0),(6016,2,1,6016,'010027','GOD DID SOMETHING BEAUTIFUL','117','1.16','155',0),(6017,1,1,6017,'050003','GOODMORNING GOD','364','1.16','480',0),(6018,1,1,6018,'070039','HAL LINDSEY\'S PROPHETIC','408','1.16','530',0),(6019,1,1,6019,'150018','HANGING BY YOUR FINGER NAIL','345','1.16','450',0),(6020,1,1,6020,'190030','HAPPY PATH','75','1.16','100',0),(6021,1,1,6021,'150112','HEAVEN','105.6','1.16','150',0),(6022,1,1,6022,'150033','IN SEARCH OF MESSIAH','345','1.16','575',0),(6023,2,1,6023,'070133','JOY OF THE GOSPEL','188.1','1.16','250',0),(6024,1,1,6024,'130071','LEMON GRASS PKT','90','1.16','120',0),(6025,1,1,6025,'190065','MAKING THE BIBLE DELIGHT','180','1.16','200',0),(6026,7,1,6026,'040013','OXFORD MATHEMATICAL SET','125','1.16','170',0),(6027,1,1,6027,'070138','YOUR MUSLIM NEIGHBOUR','140.25','1.16','180',0),(6028,1,1,6028,'190148','PATHFINDER INVESTURE CERT.','9','1.16','10',0),(6029,1,1,6029,'190080','PATHFINDER SCAFF','65','1.16','80',0),(6030,1,1,6030,'070162','PSYCHOLOGY OF WITNESSING','150','1.16','180',0),(6031,1,1,6031,'040142','POCKET FILES','15','1.16','20',0),(6032,1,1,6032,'100421','PRAYING FOR OTHERS','300','1.16','390',0),(6033,1,1,6033,'040099','PVC FILES','23','1.16','30',0),(6034,2,1,6034,'010037','RATTLESNAKE RIVER ADVENTURER','330','1.16','430',0),(6035,2,1,6035,'150053','RIVER OF FEAR','255','1.16','425',0),(6036,9,1,6036,'040015','ZAIN 300/=','285','1.16','300',0),(6037,9,1,6037,'040020','SAFARICOM 250/=','235','1.16','250',0),(6038,1,1,6038,'040060','SCRATCH CARD CALLING TELCOM','186','1.16','200',0),(6039,1,1,6039,'030008','SDA HYMNAL MUSIC LEATHER','2112','1.16','2750',0),(6040,2,1,6040,'010043','PHILIP AND ETHIOPIAN','80','1.16','100',0),(6041,2,1,6041,'010045','SECRET OF DANIEL','510','1.16','850',0),(6042,2,1,6042,'100023','SELECTED MESSAGES 3VOL.','2631.75','1.16','3500',0),(6043,5,1,6043,'170000','VIDEO SING ALONG','1050','1.16','1400',0),(6044,2,1,6044,'150054','SINS OF THE FATHERS','255','1.16','425',0),(6045,4,1,6045,'130140','SOYA MEAL 500G','65','1.16','80',0),(6046,1,1,6046,'130077','STEW SEASONING 100G','44.97','1.16','50',0),(6047,1,1,6047,'130078','STEW SEASONING 50G','25','1.16','30',0),(6048,1,1,6048,'050065','SURVIVAL KIT FOR MARRIAGE','200','1.16','240',0),(6049,1,1,6049,'060187','THE BOOK FOR CHILDREN','0.75','1.16','490',0),(6050,1,1,6050,'150086','CERTAINITY OF SECOND COMING,TH','360','1.16','470',0),(6051,1,1,6051,'150080','THE COMING GREAT CALAMITY','408','1.16','530',0),(6052,2,1,6052,'070058','TRUE BELIEVER','360','1.16','600',0),(6053,2,1,6053,'150109','WHY BE GOOD','120','1.16','160',0),(6054,8,1,6054,'180098','WOOD 390','300','1.16','390',0),(6055,1,1,6055,'150113','WORSHIPPING HEART','88','1.16','120',0),(6056,3,1,6056,'060091','BIBLE NKJV POCKET COMPANION L','600','1.16','750',0),(6057,3,1,6057,'060020','BIBLE NLT GIFT AND AWARD','245','1.16','350',0),(6058,7,1,6058,'040004','ENVELOPE AIRMAIL MANILLA','0.65','1.16','2',0),(6059,1,1,6059,'070008','ARE WE THERE YET','426','1.16','560',0),(6060,1,1,6060,'090017','TRIP TO THE SUPERNATURAL','288','1.16','380',0),(6061,1,1,6061,'190050','ADVENTURERS ACTIVITY BK.','80','1.16','100',0),(6062,2,1,6062,'070036','GOD\'S FINGER WROTE FREEDOM','102','1.16','135',0),(6063,1,1,6063,'190115','MASTER GUIDE CURRUCULUM','150','1.16','180',0),(6064,1,1,6064,'190023','PATHFINDER CLASS CARDS.','9','1.16','10',0),(6065,3,1,6065,'060111','BIBLE KJV EASY READ.ZIPPED','390','1.16','490',0),(6066,1,1,6066,'040261','HIGHLIGHTER TEXT RISER PEN','35','1.16','50',0),(6067,1,1,6067,'100039','TESTIMONIES TO MINISTERS','840.5700000000001','1.16','1100',0),(6068,7,1,6068,'040263','RULER - PLASTIC','8','1.16','10',0),(6069,8,1,6069,'010805','WALL STICKERS-JESUS THE LORD','264','1.16','340',0),(6070,8,1,6070,'010803','WALL STICKERS-GOD IS GOOD','187.2','1.16','240',0),(6071,1,1,6071,'040264','WRITING PAD','21.6','1.16','35',0),(6072,1,1,6072,'040265','BIG WALLET (PENCIL PURSE)','24','1.16','40',0),(6073,8,1,6073,'180102','WOOD 130','120','1.16','145',0),(6074,8,1,6074,'180108','WOOD 275','210','1.16','275',0),(6075,8,1,6075,'180088','MAGNETIC ROUND PLAGUE','175','1.16','190',0),(6076,7,1,6076,'180204','NOTEBOOK SMALL HD','20','1.16','20',0),(6077,1,1,6077,'190142','ADVENTURERS MEMBERSHIP CARD','3','1.16','5',0),(6078,1,1,6078,'150062','REFUGE IN STORM, A','180','1.16','300',0),(6079,1,1,6079,'090004','ANSWER IS PRAYER','459','1.16','600',0),(6080,1,1,6080,'130100','HONEY-LOCAL 500G','120','1.16','150',0),(6081,1,1,6081,'070197','DVD JOHN BIBLE VISION','935','1.16','1200',0),(6082,6,1,6082,'020046','TEACHERS ED. PRIMARY','900','1.16','900',0),(6083,6,1,6083,'020045','TEACHERS ED. KINDER','900','1.16','900',0),(6084,6,1,6084,'020053','TEACHERS ED.POWERPOINT.','900','1.16','900',0),(6085,6,1,6085,'020047','TEACHERS ED. CORNERSTONE','900','1.16','900',0),(6086,3,1,6086,'060053','BIBLE KISWAHILI SMALLEST 022','312','1.16','400',0),(6087,3,1,6087,'060110','BIBLE KJV ER DAILY COMP','292.5','1.16','390',0),(6088,5,1,6088,'170022','VIDEO VOP-PAL','1150','1.16','1300',0),(6089,1,1,6089,'190031','MASTER GUIDE REQMNT CARD','62','1.16','10',0),(6090,2,1,6090,'190005','CHANGING PICTURES MIRACLES OF','458','1.16','600',0),(6091,2,1,6091,'020100','CHILD GUIDANCE','369','1.16','500',0),(6092,2,1,6092,'100009','COUNSELS TO PARENTS&TEACHERS','840.5700000000001','1.16','950',0),(6093,1,1,6093,'070195','ISLAM IN THE POST 9/11','177.65','1.16','230',0),(6094,1,1,6094,'070205','LOVE,MARRIAGE AND RIGHT BY FAI','420.75','1.16','550',0),(6095,5,1,6095,'170044','VIDEO MATHEW,VISUAL BIBLE','1122','1.16','1460',0),(6096,5,1,6096,'170026','VIDEO ACTS,VISUAL BIBLE','1122','1.16','1460',0),(6097,1,1,6097,'070199','LETTERS TO YOUNG LOVERS','561','1.16','700',0),(6098,2,1,6098,'100017','LAST DAY EVENTS SOFT','297','1.16','400',0),(6099,1,1,6099,'150185','YET WILL I SERVE HIM','617.1','1.16','800',0),(6100,1,1,6100,'140032','WHY DO I SHOUT AT MY WIFE','51.43','1.16','60',0),(6101,1,1,6101,'150174','WHEN DEATH ISN\'T FAIR','116.88','1.16','150',0),(6102,1,1,6102,'120100','WELL DRIVEN NAILS','278.63','1.16','365',0),(6103,1,1,6103,'150183','VIEW AT YOUR OWN RISK','46.75','1.16','60',0),(6104,2,1,6104,'150180','UNANSWERED PRAYER','466.57','1.16','600',0),(6105,1,1,6105,'070175','ELEVENTH COMMANDMENT,THE','617.1','1.16','800',0),(6106,2,1,6106,'150168','SURVIVING THE SHAKING','607.75','1.16','875',0),(6107,1,1,6107,'150160','SEARCHING FOR A GOD TO LOVE','673.2','1.16','875',0),(6108,2,1,6108,'150143','OVERCOMING ALCOHOLISM','46.5','1.16','65',0),(6109,2,1,6109,'150158','SATISFIED','44','1.16','85',0),(6110,1,1,6110,'0700203','HOW YOU CAN LIVE WITH STRESS','51.43','1.16','65',0),(6111,2,1,6111,'150013','GOD SENT A MAN','467.5','1.16','650',0),(6112,1,1,6112,'070120','GOD HAS PROMISED','186.07','1.16','250',0),(6113,2,1,6113,'010085','EVER GET DEPRESSED?','46.75','1.16','60',0),(6114,1,1,6114,'0701971','DVD JOHN-VISUAL BIBLE','935','1.16','1150',0),(6115,1,1,6115,'090001','30DAYS MORE POWERFUL PRAYER','408','1.16','550',0),(6116,2,1,6116,'070002','52 THINGS TO DO ON SABBATH','105','1.16','140',0),(6117,1,1,6117,'070001','2000 AND BEYOND','102','1.16','140',0),(6118,2,1,6118,'070003','95THESES ON RIGHTEOUS BY FAITH','950.4','1.16','1250',0),(6119,2,1,6119,'070004','ABANDON SHIP','420','1.16','550',0),(6120,1,1,6120,'030001','ADVENTIST Y. SOFT','230','1.16','320',0),(6121,1,1,6121,'070005','ADVENTISM IN CONFLICT','315','1.16','410',0),(6122,1,1,6122,'030003','ADVENTIST YOUTH SING(H)','552','1.16','720',0),(6123,1,1,6123,'190040','ADVENTURER ADM MANUAL','135','1.16','150',0),(6124,1,1,6124,'150001','ALMOST HOME','185','1.16','250',0),(6125,1,1,6125,'100040','ANGELS QUOTE BOOK','348','1.16','460',0),(6126,1,1,6126,'070007','ANTICIPATING THE ADVENT','392','1.16','510',0),(6127,8,1,6127,'1801271','KEY HOLDER - JESUS SAVES','180','1.16','220',0),(6128,8,1,6128,'010813','BADGE-I LOVE JESUS/JESUS IS LO','130','1.16','200',0),(6129,1,1,6129,'120120','WALKING WITH PAUL','287.1','1.16','400',0),(6130,5,1,6130,'170028','VIDEO ANGAZA','300','1.16','350',0),(6131,5,1,6131,'030024','VCD PROACTIVE KIDS','700','1.16','850',0),(6132,5,1,6132,'170005','VIDEO STORY KEEPERS-RESCUE','1050','1.16','1370',0),(6133,2,1,6133,'150152','PUTTING THEIR HANDS IN HIS','326.32','1.16','430',0),(6134,1,1,6134,'150155','RESOLVE YOUR STRESS','51.43','1.16','65',0),(6135,1,1,6135,'150140','OTHER SIDE OF GRIEF, THE','83.22','1.16','100',0),(6136,1,1,6136,'070193','IN THE HAND OF GOD','168.3','1.16','220',0),(6137,1,1,6137,'150149','PRAYER MADE PRACTICAL','167.2','1.16','230',0),(6138,2,1,6138,'150147','PRAYER EGW','792','1.16','1030',0),(6139,1,1,6139,'150056','STRAIGHT TALK','466.57','1.16','600',0),(6140,1,1,6140,'130167','TAKE CHARGE OF YOUR HEALTH','116.88','1.16','150',0),(6141,1,1,6141,'130127','YOUR MIND AND YOUR HEALTH','46.75','1.16','60',0),(6142,1,1,6142,'150177','POWER OF KINDNESS','51.43','1.16','65',0),(6143,2,1,6143,'150154','REAL CHRISTIANS NEVER DIE','51.43','1.16','65',0),(6144,3,1,6144,'060099','BIBLE NIV KIDS STUDY','500','1.16','600',0),(6145,1,1,6145,'150090','SABBATH SCHOOL PLANNER/4','120','1.16','160',0),(6146,1,1,6146,'150088','SABBATH SCHOOL PLANNER/2','120','1.16','160',0),(6147,6,1,6147,'020044','TEACHERS ED. BEGINNERS','900','1.16','900',0),(6148,4,1,6148,'130096','SOYA MEAT GRILL','130','1.16','180',0),(6149,5,1,6149,'030045','CD HYMNS INSTRUMENTAL MACHOKA','180','1.16','250',0),(6150,5,1,6150,'030028','CD DAGORETI','150','1.16','200',0),(6151,3,1,6151,'060078','BIBLE SEHEMU ZA BIBLIA KWA WAT','538.2','1.16','690',0),(6152,3,1,6152,'060075','BIBLE KISWAHILI H/C 043','429','1.16','550',0),(6153,3,1,6153,'060076','BIBLE KISWAHILI WHITE 042','351','1.16','450',0),(6154,3,1,6154,'060079','LIONS CHILDREN\'S BIBLE','460.2','1.16','590',0),(6155,1,1,6155,'060200','BIBLE NIV MINI COMPACT S/C,F/C','435','1.16','580',0),(6156,3,1,6156,'060074','BIBLE KISWAHILI S/C 042','460.2','1.16','590',0),(6157,5,1,6157,'170046','VCD KURASINI','200','1.16','250',0),(6158,5,1,6158,'170024','VIDEO VICTORY','350','1.16','450',0),(6159,1,1,6159,'190028','PATHFINDER FLAG','600','1.16','720',0),(6160,1,1,6160,'190027','PATHFINDER DRILL MANUAL','150','1.16','200',0),(6161,1,1,6161,'190039','BIBLE TRUTH','108','1.16','150',0),(6162,1,1,6162,'190029','ADVENUNTURER NEWPIN BUSY BEE','62','1.16','80',0),(6163,2,1,6163,'150034','IT MUST HAVE BEEN AN ANGEL','448.8','1.16','580',0),(6164,1,1,6164,'150089','SABBATH SCHOOL PLANNER/3','120','1.16','160',0),(6165,1,1,6165,'150145','POWER','177.65','1.16','230',0),(6166,2,1,6166,'070187','IF MY PEOPLE PRAY','653.4','1.16','850',0),(6167,1,1,6167,'070177','MARKED BIBLE','89.09999999999999','1.16','120',0),(6168,1,1,6168,'190016','YOUTH HANDBOOK','350','1.16','400',0),(6169,1,1,6169,'190153','EAGER BEAVER MANUALS','80','1.16','100',0),(6170,2,1,6170,'010079','EMBRACE OF GOD','607.75','1.16','790',0),(6171,1,1,6171,'0700205','LONELY','46.75','1.16','60',0),(6172,1,1,6172,'070213','MUDDY FINGERS, STICKY FEET','168.3','1.16','220',0),(6173,3,1,6173,'060033','BIBLE SAFELIZ KIDS','414.6','1.16','550',0),(6174,5,1,6174,'030029','DVD KURASINI','200','1.16','250',0),(6175,5,1,6175,'170027','VIDEO NUNDU','300','1.16','400',0),(6176,6,1,6176,'160010','LESSON T/GUIDE 2QS','198','1.16','250',0),(6177,6,1,6177,'160005','LESSON COMPANION','300','1.16','400',0),(6178,5,1,6178,'030031','CD BARATON','250','1.16','300',0),(6179,5,1,6179,'170032','VIDEO FAMILY LIFE(ELD)','300','1.16','400',0),(6180,3,1,6180,'060059','BIBLE KISWAHILI MEDIUM ZIPPED','434.4','1.16','550',0),(6181,5,1,6181,'030033','CD MAKONGENI','150','1.16','200',0),(6182,3,1,6182,'060047','BIBLE GOOD NEWS(S) ZIPPED','585','1.16','750',0),(6183,1,1,6183,'060198','BIBLE NIV STD F/C','350','1.16','520',0),(6184,2,1,6184,'100042','MESSAGES TO YOUNG PEOPLE(S)','306.9','1.16','400',0),(6185,1,1,6185,'100026','ADVENTIST HOME (S)','415.8','1.16','550',0),(6186,1,1,6186,'140020','WHAT MY PARENTS DID RIGHT','112.2','1.16','150',0),(6187,2,1,6187,'100043','CHRISTIAN EXPERIENCE& TEACHING','729.3','1.16','950',0),(6188,1,1,6188,'150063','WHY GOD ALOWS TRIALS','56.1','1.16','75',0),(6189,1,1,6189,'070021','CHRIST OUR SAVIOUR','149.6','1.16','200',0),(6190,1,1,6190,'100044','LIFE SKETCHES OF EGW','841.5','1.16','1100',0),(6191,1,1,6191,'100046','COUNSELS FOR CHURCH(STUDY)EGW','56.1','1.16','75',0),(6192,1,1,6192,'140021','WHAT COUPLES KNOW','84.15000000000001','1.16','110',0),(6193,1,1,6193,'130009','CAN WE EAT ANYTHING?','44','1.16','60',0),(6194,1,1,6194,'150049','PREP FOR THE FINAL CRISIS','308','1.16','400',0),(6195,3,1,6195,'060037','BIBLE CLEAR WORD POCKET','561','1.16','750',0),(6196,3,1,6196,'060044','BIBLE CLEAR WORD (S) LEATHER','1168.75','1.16','1500',0),(6197,1,1,6197,'140009','HOW TO COMMUNIC. WITH UR MATE','56.1','1.16','75',0),(6198,1,1,6198,'120022','BIG PICTURE,THE','392.7','1.16','500',0),(6199,1,1,6199,'150050','READY OR NOT','93.5','1.16','300',0),(6200,1,1,6200,'130043','TEN WAYS TO QUIT SMOKING','37.4','1.16','40',0),(6201,1,1,6201,'140024','GUIDE TO SUCCESSFUL MARRIAGE','46.75','1.16','85',0),(6202,1,1,6202,'140023','GUIDE TO SUCCESSFUL DATING','46.75','1.16','85',0),(6203,1,1,6203,'100048','RETIREMENT YEARS','729.3','1.16','950',0),(6204,1,1,6204,'090018','PRAYER WORKS','233.75','1.16','350',0),(6205,5,1,6205,'030036','CD BIBLE COMMENTARY','6545','1.16','8500',0),(6206,1,1,6206,'150040','MEN & WOMEN OF NT','168.3','1.16','220',0),(6207,1,1,6207,'100056','CONFLICT SERIES SET(S)','1496','1.16','2000',0),(6208,5,1,6208,'030034','CD TUDOR','240','1.16','300',0),(6209,2,1,6209,'150163','SHADES OF GRACE','729.3','1.16','950',0),(6210,2,1,6210,'100020','MIND, CHARACTER & PERSONALITY','2057.55','1.16','2680',0),(6211,2,1,6211,'050004','IN HEAVENLY PLACES','957','1.16','1250',0),(6212,5,1,6212,'030023','CASSETTE 90','70','1.16','90',0),(6213,3,1,6213,'060054','BIBLE YOUTH H/C  G/ED','273','1.16','350',0),(6214,8,1,6214,'180027','CARDS-85','58','1.16','85',0),(6215,1,1,6215,'140027','SMART LOVE','850.85','1.16','1100',0),(6216,1,1,6216,'070054','JUSTIFICATION BY FAITH','935','1.16','1220',0),(6217,3,1,6217,'060077','BIBLE KISWAHILI S GOLDEN 047','448.5','1.16','575',0),(6218,1,1,6218,'070209','MORNING GLORY','168.3','1.16','220',0),(6219,1,1,6219,'150165','SOMETIMES I HATE MYSELF','51.43','1.16','66',0),(6220,3,1,6220,'060049','BIBLE GOODNEWS-STUDY','1248','1.16','1600',0),(6221,5,1,6221,'030038','CD BLESSED ASSURANCE','200','1.16','250',0),(6222,3,1,6222,'060045','BIBLE KJV NAVES STUDY','600','1.16','800',0),(6223,1,1,6223,'130085','HONEY','110','1.16','150',0),(6224,1,1,6224,'140025','MAKING MARRIAGE WORK','56.1','1.16','75',0),(6225,6,1,6225,'160020','CHILDREN LESS.BEG.LOCAL','45.5','1.16','50',0),(6226,6,1,6226,'020057','CHILDREN LES.CORNERSTONE LOC','45.5','1.16','50',0),(6227,1,1,6227,'190018','PATHFINDER ADM MANUAL','150','1.16','180',0),(6228,1,1,6228,'070037','GOD\'S MINUTES (H)','364','1.16','480',0),(6229,1,1,6229,'120110','WELFARE MINISTRY','607.75','1.16','870',0),(6230,5,1,6230,'170050','VCD MHADHARA','200','1.16','250',0),(6231,2,1,6231,'070207','MISSION PILOT','729.3','1.16','950',0),(6232,1,1,6232,'190140','PATHFINDER MEMBERSHIP CARDS','4','1.16','10',0),(6233,3,1,6233,'060139','BIBLE NLT','374.4','1.16','480',0),(6234,3,1,6234,'060137','BIBLE GOODNEWS PARALLEL SW/ENG','1170','1.16','1500',0),(6235,5,1,6235,'170043','VIDEO MUUNGANO','200','1.16','300',0),(6236,5,1,6236,'170047','VCD MUUNGANO','150','1.16','200',0),(6237,3,1,6237,'060073','BIBLE KIKUYU-LARGE','585','1.16','750',0),(6238,3,1,6238,'060072','BIBLE KIKUYU-SMALL','374.4','1.16','480',0),(6239,3,1,6239,'060006','BIBLE KISII-LARGE','585','1.16','750',0),(6240,8,1,6240,'180302','BOOKMARKS-KESWICK LTD SMALL','25.86','1.16','30',0),(6241,2,1,6241,'150179','THOUSAND SHALL FALL','607.75','1.16','790',0),(6242,1,1,6242,'150169','THAT KIND CAN NEVER CHANGE','673.2','1.16','875',0),(6243,1,1,6243,'150022','HERE I COME READY OR NOT','435','1.16','600',0),(6244,8,1,6244,'180330','TABLE TOP TREASURE','694.2','1.16','890',0),(6245,8,1,6245,'180327','ROCK COTTAGE CRAFT','422.41','1.16','480',0),(6246,5,1,6246,'170045','VIDEO MOKWO','300','1.16','400',0),(6247,5,1,6247,'030039','CD ALFAJIRI ELDORET','200','1.16','300',0),(6248,2,1,6248,'010077','AND DELIVER US FROM EVIL','500','1.16','650',0),(6249,1,1,6249,'060213','BIBLE GLOBAL KIDS','639.6','1.16','820',0),(6250,8,1,6250,'180085','WOOD 130','100','1.16','130',0),(6251,8,1,6251,'180121','WOOD 220','170','1.16','220',0),(6252,8,1,6252,'180141','WOOD 125','95','1.16','125',0),(6253,8,1,6253,'180081','WOOD 090','70','1.16','90',0),(6254,8,1,6254,'180152','WOOD 445','340','1.16','445',0),(6255,8,1,6255,'180091','WOOD 455','350','1.16','455',0),(6256,8,1,6256,'180144','WOOD 520','400','1.16','520',0),(6257,8,1,6257,'180105','WOOD 160','120','1.16','160',0),(6258,8,1,6258,'180080','WOOD 195','150','1.16','195',0),(6259,7,1,6259,'180328','JOURNALS','374.4','1.16','480',0),(6260,5,1,6260,'170048','VCD NGONG SDA CHURCH CHOIR','200','1.16','260',0),(6261,5,1,6261,'170031','VIDEO NGONG SDA CHURCH CHOIR','250','1.16','325',0),(6262,1,1,6262,'190150','EAGER BEAVER SCARF','65','1.16','75',0),(6263,2,1,6263,'010008','CAMPMEETING ANGEL/LITTLE G.GI','360','1.16','470',0),(6264,2,1,6264,'010003','ADVENTURE WILD HORSE MOUNTAIN','330','1.16','450',0),(6265,2,1,6265,'010012','CLUE IN SECRET PASSAGE','330','1.16','430',0),(6266,2,1,6266,'010013','DANGER IN DEPTHS','255','1.16','340',0),(6267,2,1,6267,'010014','DANGER ON SEVENTH STREET','720','1.16','940',0),(6268,2,1,6268,'010017','DET.ZACK-#10-SECRET BLACKLOCH','330','1.16','430',0),(6269,2,1,6269,'010018','DET.ZACK-#2-SECRET IN SAND','300','1.16','430',0),(6270,2,1,6270,'010019','DET.ZACK-#3-RED HAT MYSTERY','330','1.16','430',0),(6271,2,1,6271,'010020','DET.ZACK-#4-MYSTERY THUNDER M','330','1.16','430',0),(6272,2,1,6272,'010021','DET.ZACK-#5-MISSING MANGER','330','1.16','430',0),(6273,2,1,6273,'010022','DET.ZACK-#6-DANGER DINOSAUR C.','357','1.16','430',0),(6274,2,1,6274,'010023','DET.ZACK-#7-SECRET IN STORM','330','1.16','430',0),(6275,2,1,6275,'010024','DET.ZACK-#8-MYSTERY ON MIDWAY','330','1.16','430',0),(6276,2,1,6276,'010025','DET.ZACK-#9-TRAPPED DARMOOR M.','330','1.16','430',0),(6277,2,1,6277,'010026','DISASTER AT DARK RIVER','720','1.16','950',0),(6278,2,1,6278,'010028','JENNY\'S CAT-NAPPED CAT','330','1.16','430',0),(6279,2,1,6279,'010032','LOVE STORIES FROM THE BIBLE','345','1.16','450',0),(6280,2,1,6280,'010033','LUCY CURIOUSLY COW','330','1.16','550',0),(6281,2,1,6281,'010035','ORCAS ISLAND MYSTERY','340','1.16','450',0),(6282,2,1,6282,'010036','PLANET OF JOY','255','1.16','340',0),(6283,2,1,6283,'010038','ROBBY','300','1.16','390',0),(6284,2,1,6284,'010039','GOD SAVES DANIEL','374','1.16','500',0),(6285,2,1,6285,'010042','SECRET OF THE CANYON','291','1.16','360',0),(6286,2,1,6286,'010044','SECRET OF THE HIDDEN ROOM','330','1.16','550',0),(6287,2,1,6287,'010046','SECRETS OF THE FOREST','291','1.16','485',0),(6288,2,1,6288,'010047','SECRETS OF THE SEA','291','1.16','485',0),(6289,2,1,6289,'010048','MOSES AND THE PEOPLE','374','1.16','500',0),(6290,2,1,6290,'010060','WHATCHA DOING ALEX','174','1.16','230',0),(6291,2,1,6291,'010075','DEPRESSION THE WAY OUT','3179','1.16','4000',0),(6292,8,1,6292,'010800','PLAQUES THE BLESSED','561.6','1.16','720',0),(6293,8,1,6293,'010801','WALL STICKERS - JESUS THE LORD','265.2','1.16','340',0),(6294,8,1,6294,'010802','WALL STICKERS-GOD BLESS T.HSE','265.2','1.16','340',0),(6295,8,1,6295,'010804','WALL STICKERS-JESUS LOVES ME','390','1.16','500',0),(6296,8,1,6296,'010806','WALL STICKERS-SING UNTO HIM','390','1.16','500',0),(6297,8,1,6297,'010809','PLAQUE GOD IS LOVE 8*8','561.6','1.16','720',0),(6298,8,1,6298,'010812','WHISTLE PEN','117','1.16','150',0),(6299,8,1,6299,'010814','KEY-CHAIN-PLASTIC','117','1.16','150',0),(6300,1,1,6300,'010818','FELTS-NURSERY RHYMES/2','660','1.16','960',0),(6301,1,1,6301,'010820','FELTS-FRUITS AND NUTS','600','1.16','1000',0),(6302,1,1,6302,'010821','FELTS-DESERT SCENE','720','1.16','1200',0),(6303,1,1,6303,'010822','FELTS-CHRISTMAS','780','1.16','1300',0),(6304,1,1,6304,'010827','FELTS-SHORELINE SET','600','1.16','780',0),(6305,2,1,6305,'020005','DONKEY - CART KIDS','300','1.16','400',0),(6306,2,1,6306,'020006','ESCAPE FROM SHADOW CREEK RANCH','255','1.16','425',0),(6307,2,1,6307,'020010','HEART OF THE WARRIOR','246','1.16','320',0),(6308,2,1,6308,'020011','HORSE HAT & BIG WET SPLAT','750','1.16','975',0),(6309,2,1,6309,'020012','JULIUS AGAIN','228','1.16','300',0),(6310,2,1,6310,'020013','JULIUS THE PERFECTLY PESKY PET','228','1.16','300',0),(6311,2,1,6311,'020018','MISSING COMBINATION MYSTERY','228','1.16','300',0),(6312,2,1,6312,'020021','MYSTERIOUS TREASURE MAP','330','1.16','430',0),(6313,2,1,6313,'020022','MYSTERY IN THE ATTIC','255','1.16','330',0),(6314,2,1,6314,'020027','SPOTTED BOY & COMANCHES','255','1.16','425',0),(6315,2,1,6315,'020029','TINA REALLY RASCALLY RED FOX','330','1.16','550',0),(6316,2,1,6316,'020034','BROKEN DOZEN MYSTERY','330','1.16','450',0),(6317,1,1,6317,'020052','HEART & MIND LEADERS GUIDE','45','1.16','50',0),(6318,1,1,6318,'020054','HEART & MIND PARENTS GUIDE','45','1.16','50',0),(6319,6,1,6319,'020055','CHILDREN LESS. PRIMARY LOCAL','45.5','1.16','50',0),(6320,6,1,6320,'020058','CHILDREN LESS.POWEWRPOINT LO','45.5','1.16','50',0),(6321,1,1,6321,'030040','NYIMBO CIA AGEENDI','230','1.16','280',0),(6322,5,1,6322,'030042','CD PAMBAZUKO','170','1.16','250',0),(6323,7,1,6323,'040002','ENVELOPES-CONQUEROR','4.8','1.16','6.5',0),(6324,7,1,6324,'040009','BALL PENTEL-R56','14','1.16','70',0),(6325,9,1,6325,'040018','ZAIN 200/=','190','1.16','200',0),(6326,9,1,6326,'040019','ZAIN 100/=','95','1.16','100',0),(6327,9,1,6327,'040021','SAFARICOM 500/=','470','1.16','500',0),(6328,9,1,6328,'040022','SAFARICOM 1000/=','940','1.16','1000',0),(6329,9,1,6329,'040023','SAFARICOM 2500/=','2350','1.16','2500',0),(6330,9,1,6330,'040026','SAFARICOM 100/=','94','1.16','100',0),(6331,3,1,6331,'060035','BIBLE KJV OPEN BIBLE','1760','1.16','2300',0),(6332,3,1,6332,'060056','BIBLE YOUTH BIBLE S/C','187.5','1.16','250',0),(6333,3,1,6333,'060061','BIBLE NIV T/A H/C ORDINARY','247.5','1.16','550',0),(6334,3,1,6334,'060063','BIBLE GOODNEWS SMALL GOLDEN','370','1.16','500',0),(6335,3,1,6335,'060082','BIBLE NIV DAD\'S DEVOTION HD','700','1.16','900',0),(6336,3,1,6336,'060084','BIBLE NIV STUDY B/L','1700','1.16','2200',0),(6337,3,1,6337,'060092','BIBLE NIV WOMEN\'S DEVOTIONAL','800','1.16','1000',0),(6338,3,1,6338,'060105','BIBLE NIV ADVENTURER IMITATION','600','1.16','750',0),(6339,3,1,6339,'060109','BIBLE NKJV GIFT AND AWARD','350','1.16','500',0),(6340,3,1,6340,'060150','BIBLE KJV 2000','225','1.16','300',0),(6341,3,1,6341,'060160','BIBLE NIV STUDY BIBLE','1350','1.16','1700',0),(6342,1,1,6342,'060191','BIBLE NKJV SLIMLINE B/L','1000','1.16','1300',0),(6343,1,1,6343,'060192','BIBLE NKJV COMPACT REF B/L','1200','1.16','1600',0),(6344,1,1,6344,'060193','BIBLE NKJV COMPACT FLAP B/L','1700','1.16','2000',0),(6345,3,1,6345,'060208','BIBLE ESV','624','1.16','800',0),(6346,1,1,6346,'070010','BEYOND LIFE','120','1.16','160',0),(6347,1,1,6347,'070017','CERTAINITY OF SECOND COMING','360','1.16','470',0),(6348,2,1,6348,'070063','WHERE\'S THE FIRE','255','1.16','425',0),(6349,2,1,6349,'070098','MIRACLES FROM THE STREET','531','1.16','690',0),(6350,2,1,6350,'070108','GARDEN\'S FOR THE SOUL','729.3','1.16','950',0),(6351,1,1,6351,'070118','BIBLE AMPLIFIED SAMWEL HARD','729.3','1.16','950',0),(6352,1,1,6352,'070125','DANIEL AND REVELATION','2300','1.16','3000',0),(6353,1,1,6353,'070176','MILLENNIMANIA','150','1.16','180',0),(6354,1,1,6354,'070190','IN HIS HANDS','729.3','1.16','950',0),(6355,1,1,6355,'090009','PASSION FOR PRAYER','510','1.16','670',0),(6356,2,1,6356,'090055','BELONGING','729.3','1.16','950',0),(6357,1,1,6357,'100055','HISTORY OF REDEMPTION ZIPPED','1000','1.16','1500',0),(6358,1,1,6358,'1000424','STORY OF REDEMPTION','374','1.16','500',0),(6359,1,1,6359,'1000430','COUNSELS ON DIET & FOODS(SOFT)','392.7','1.16','500',0),(6360,1,1,6360,'1000432','COUNSELS ON EDUCATION','655.2','1.16','850',0),(6361,2,1,6361,'1000434','COUNTRY LIVING','248.82','1.16','320',0),(6362,1,1,6362,'120017','TESTIMONY OF A SEEKER','597','1.16','776',0),(6363,1,1,6363,'120018','THOSE HAPPY GOLDEN YEARS','330','1.16','430',0),(6364,1,1,6364,'120019','WALKING WITH ANGELS','597','1.16','780',0),(6365,1,1,6365,'130027','SOYA DRINK 200G','30','1.16','50',0),(6366,1,1,6366,'150020','FIT FOREVER','355.3','1.16','1000',0),(6367,1,1,6367,'150026','HOW TO GET BEYOND LONELINESS','120','1.16','160',0),(6368,1,1,6368,'150035','JESUS FOR A NEW MILLENIUM','516','1.16','670',0),(6369,1,1,6369,'150041','MAN WHO LIVED TWICE','531','1.16','885',0),(6370,1,1,6370,'150051','RIDE OF YOUR LIFE','435','1.16','725',0),(6371,1,1,6371,'150052','RIDE WITH THE WIND','585','1.16','975',0),(6372,1,1,6372,'150082','A REFUGE IN STORM','180','1.16','250',0),(6373,1,1,6373,'150105','DESIRE - KISWAHILI','75','1.16','120',0),(6374,1,1,6374,'150176','WHIRLWIND OF THE LORD','840.5700000000001','1.16','1100',0),(6375,6,1,6375,'160003','LESSON QUART-ENGLISH','45.5','1.16','50',0),(6376,6,1,6376,'160004','LESSON QUART-KISWAHILI','45.5','1.16','50',0),(6377,6,1,6377,'160011','LESSON-LUO','45.5','1.16','50',0),(6378,2,1,6378,'160014','WHO IS AFRAID OF JUDGEMENT','230','1.16','300',0),(6379,6,1,6379,'160015','LESSON QUARTER TEACH - LOCAL','145','1.16','160',0),(6380,5,1,6380,'170012','VIDEO VEGGIE - WHERE IS GOD','1050','1.16','1300',0),(6381,5,1,6381,'170013','VIDEO VEGGIE - THANKFULLNESS','1050','1.16','1300',0),(6382,5,1,6382,'170014','VIDEO VEGGIE - SELFISHNESS','1050','1.16','1500',0),(6383,1,1,6383,'190138','ADVENTIST Y.MEMBERSHIP CARD','9','1.16','10',0),(6384,1,1,6384,'190024','ADVENTURER FLAGS','600','1.16','720',0),(6385,8,1,6385,'180305','BOOKMARKS-KESWICK LTD BIG','39','1.16','50',0),(6386,8,1,6386,'180034','CARDS-155','135','1.16','155',0),(6387,8,1,6387,'180044','CARDS-40','25','1.16','40',0),(6388,8,1,6388,'180028','CARDS-45','32','1.16','45',0),(6389,8,1,6389,'180041','CARDS-65','40','1.16','55',0),(6390,8,1,6390,'180317','CHRISTIAN FAMILY SCROLL','195','1.16','250',0),(6391,8,1,6391,'180312','CONQUEROR SCROLL','195','1.16','250',0),(6392,8,1,6392,'180338','DEXSA BIG','1474.2','1.16','1890',0),(6393,8,1,6393,'180335','DEXSA SMALL','1240.2','1.16','1590',0),(6394,1,1,6394,'010825','FELTS-JESUS FRIEND OF CHILDREN','600','1.16','1000',0),(6395,8,1,6395,'180332','KAFKA','772.2','1.16','990',0),(6396,8,1,6396,'180143','KEYHOLDER','50','1.16','65',0),(6397,8,1,6397,'180300','PASS IT ON-POST CARD','12.93','1.16','15',0),(6398,8,1,6398,'180308','PENS-KESWICK LTD','148.2','1.16','190',0),(6399,8,1,6399,'180325','PHOTOFRAME','304.2','1.16','390',0),(6400,8,1,6400,'180235','PLASTER ALL SCRIPTURES','50','1.16','65',0),(6401,8,1,6401,'180210','PLASTER BELIEVE (HORIZONTAL)','25','1.16','30',0),(6402,8,1,6402,'180271','PLASTER GOD BLESS','95','1.16','125',0),(6403,8,1,6403,'180245','PLASTER GOD IS OUR REFUGE','55','1.16','70',0),(6404,8,1,6404,'180242','PLASTER HE CARETH(BIRDS)','55','1.16','70',0),(6405,8,1,6405,'180273','PLASTER IN ALL THY WAY','130','1.16','270',0),(6406,8,1,6406,'180208','PLASTER JESUS LOVES ME','20','1.16','25',0),(6407,8,1,6407,'180220','PLASTER JESUS NEVER FAILS','30','1.16','40',0),(6408,8,1,6408,'180215','PLASTER JESUS SAVES','25','1.16','30',0),(6409,8,1,6409,'180250','PLASTER LO BEHOLD','80','1.16','105',0),(6410,8,1,6410,'180230','PLASTER MTUMAINI BWANA','35','1.16','45',0),(6411,8,1,6411,'180207','PLASTER PRAYER CHANGES(OVAL)','20','1.16','25',0),(6412,8,1,6412,'180248','PLASTER PRAYING HANDS','80','1.16','105',0),(6413,8,1,6413,'180206','PLASTER TASTE AND SEE','20','1.16','25',0),(6414,8,1,6414,'180225','PLASTER THE LORD IS MY LIGHT','30','1.16','40',0),(6415,8,1,6415,'180226','PLASTER TRUST AND OBEY','35','1.16','45',0),(6416,8,1,6416,'180265','PLASTER TRUST DELIGHT(HORIZON)','90','1.16','120',0),(6417,8,1,6417,'180201','PLASTER TRUST IN THE LORD','15','1.16','20',0),(6418,8,1,6418,'180209','PLASTER TRUST IN LORD (OVAL)','20','1.16','25',0),(6419,8,1,6419,'180228','PLASTER TRUST IN THE LORD','30','1.16','40',0),(6420,8,1,6420,'180202','PLASTER WORSHIP','15','1.16','20',0),(6421,5,1,6421,'170019','VIDEO ARE YOU MY NEIGHBOUR','1050','1.16','1400',0),(6422,5,1,6422,'170017','VIDEO GOD WANTS ME TO FORGIVE','1050','1.16','1370',0),(6423,5,1,6423,'170015','VIDEO JOSHUA THE BIG WALL','1050','1.16','1500',0),(6424,8,1,6424,'180075','WOOD 325','250','1.16','325',0),(6425,8,1,6425,'180154','WOOD 470','360','1.16','470',0),(6426,8,1,6426,'180145','WOOD 585','450','1.16','585',0),(6427,1,1,6427,'190058','ADVENTIST YOUTH FLAG','600','1.16','720',0),(6428,5,1,6428,'170049','VCD KURASINI VOL 2','250','1.16','300',0),(6429,5,1,6429,'170034','VIDEO KURASINI VOL 2','250','1.16','400',0),(6430,3,1,6430,'060147','BIBLE NIRV-BIBLE MAN','500','1.16','720',0),(6431,5,1,6431,'030046','CD METRO SINGERS','200','1.16','300',0),(6432,5,1,6432,'030074','CD DERRICK','150','1.16','200',0),(6433,1,1,6433,'160013','UJUMBE','40.5','1.16','45',0),(6434,5,1,6434,'030048','CASSETTE FRIENDSHIP CO LTD','150','1.16','220',0),(6435,5,1,6435,'030055','VIDEO CHILDREN FRIENDSHIP COMP','319','1.16','400',0),(6436,5,1,6436,'030052','DVD CHILDREN ASSORTED','522','1.16','650',0),(6437,5,1,6437,'030054','DVD ADULTS THANK YOU LORD','522','1.16','650',0),(6438,2,1,6438,'160016','THE BOOK OF BIGINNINGS','180','1.16','300',0),(6439,5,1,6439,'030053','DVD ADULTS FRIENDSHIP CO LTD','450','1.16','650',0),(6440,1,1,6440,'100053','HISTORY OF REDEMPTION POCKET','1168.75','1.16','1500',0),(6441,3,1,6441,'060113','BIBLE NKJV COMPACT REF-FLAP','1000','1.16','1300',0),(6442,9,1,6442,'040025','SAFARICOM-50','47','1.16','50',0),(6443,2,1,6443,'140022','PARENTHOOD','177.65','1.16','230',0),(6444,3,1,6444,'060151','BIBLE CHILDREN\'S BIBLE','150','1.16','600',0),(6445,5,1,6445,'030051','DVD CHILDREN FRIENDSHIP CO.','939.6','1.16','1200',0),(6446,1,1,6446,'100029','TESTIMONY TO MINISTERS','840.5700000000001','1.16','1100',0),(6447,3,1,6447,'060153','BIBLE MARRIAGE BIBLE','289.85','1.16','450',0),(6448,3,1,6448,'060119','BIBLE NIV HARD COVER','400','1.16','500',0),(6449,1,1,6449,'010832','FELTS-BBL STORY SET(L)','8415','1.16','10000',0),(6450,5,1,6450,'030056','CD ELSHADDAI','250','1.16','300',0),(6451,9,1,6451,'040028','ZAIN 50','38','1.16','40',0),(6452,1,1,6452,'150068','WHEN DAYS ARE DARK','46.75','1.16','60',0),(6453,5,1,6453,'030041','CD ACACIA SINGERS','250','1.16','300',0),(6454,1,1,6454,'130045','NUTRO PEANUT BUTTER 400G','96','1.16','120',0),(6455,5,1,6455,'030043','CD GOLDEN GATE','200','1.16','250',0),(6456,1,1,6456,'130103','BREAKFAST CEREAL GRANOLA','130','1.16','150',0),(6457,5,1,6457,'030057','CD MASALIO MELODIES','200','1.16','300',0),(6458,2,1,6458,'030015','LITERATURE EVANGELIST SING','36','1.16','50',0),(6459,1,1,6459,'100028','VOICE IN SPEECH AND SONG','729.3','1.16','950',0),(6460,5,1,6460,'030047','DVD METRO SINGERS','300','1.16','500',0),(6461,3,1,6461,'060154','BIBLE CLEARWORD LEATHER','2805','1.16','3700',0),(6462,6,1,6462,'160012','LESSON- KISII','45.5','1.16','50',0),(6463,5,1,6463,'170029','VIDEO JANGWANI','320','1.16','400',0),(6464,5,1,6464,'170051','VIDEO SAYARI','320','1.16','400',0),(6465,5,1,6465,'030058','CD IHEBO','290','1.16','350',0),(6466,1,1,6466,'070203','LIVE WITH STRESS','51.43','1.16','67',0),(6467,1,1,6467,'150100','DESIRE OF AGES-SOFT','75','1.16','100',0),(6468,3,1,6468,'060068','BIBLE NIV WOMEN OF FAITH B/L','960','1.16','1300',0),(6469,1,1,6469,'060214','BIBLE NIV T/A ORD ZIPPED','420','1.16','620',0),(6470,1,1,6470,'060216','BIBLE CSB SMALLEST','280.8','1.16','390',0),(6471,3,1,6471,'060067','BIBLE COMPARATIVE B/L','2000','1.16','2600',0),(6472,3,1,6472,'060066','BIBLE KJV GIANTPRINT IMITATION','900','1.16','1200',0),(6473,1,1,6473,'060215','BIBLE CSB SMALLEST ZIPPED','340','1.16','450',0),(6474,5,1,6474,'030060','CD NAIROBI EAST','200','1.16','250',0),(6475,1,1,6475,'130118','SOYA CHEVDO 250G','110','1.16','145',0),(6476,1,1,6476,'130117','MARINATED SOYA MINCE 100G','40','1.16','50',0),(6477,5,1,6477,'030044','CD MUUNGANO','150','1.16','200',0),(6478,1,1,6478,'130119','SOYA MILK','100','1.16','130',0),(6479,8,1,6479,'18159','BEADED PEN COVER','100','1.16','150',0),(6480,5,1,6480,'030059','CD ELSHADAI LUO','200','1.16','300',0),(6481,8,1,6481,'180142','WOOD 415','320','1.16','415',0),(6482,8,1,6482,'180071','WOOD 260','200','1.16','260',0),(6483,8,1,6483,'180153','WOOD 430','330','1.16','430',0),(6484,3,1,6484,'060058','BIBLE NIV COMPACT LEATHER','742.5','1.16','990',0),(6485,3,1,6485,'060064','BIBLE NIV T/A S/C','360','1.16','450',0),(6486,8,1,6486,'18156','CARE BADGE BEADED','50','1.16','75',0),(6487,8,1,6487,'180156','PLAQUES WOOD','30','1.16','50',0),(6488,1,1,6488,'010070','GREATEST STORY EVER TOLD','90','1.16','120',0),(6489,2,1,6489,'030070','CD INSPIRED','250','1.16','300',0),(6490,1,1,6490,'070023','MORNING PRAISE','800','1.16','800',0),(6491,1,1,6491,'070114','JESUS-A HEART','800','1.16','800',0),(6492,1,1,6492,'040267','ZAIN 500','475','1.16','500',0),(6493,1,1,6493,'070132','KANUNI YA WAZEE','270','1.16','350',0),(6494,5,1,6494,'030072','CD KAHAWA WEST','200','1.16','250',0),(6495,1,1,6495,'100031','CHRISTIAN SERVICE-HARD','510','1.16','670',0),(6496,6,1,6496,'020101','CHILDREN LESS.REALTIME FAITH','216.6','1.16','350',0),(6497,6,1,6497,'160007','COLLEGE QUART','237','1.16','300',0),(6498,6,1,6498,'020059','CHILDREN KINDERGARTEN','45.5','1.16','50',0),(6499,3,1,6499,'060280','BIBLE KISWAHILI 062','468','1.16','600',0),(6500,2,1,6500,'20001','ACTS OF APOSTLES','2475','1.16','4500',0),(6501,2,1,6501,'20003','AFRICA ADVENTURE STORIES V1','935','1.16','1700',0),(6502,2,1,6502,'20008','AFRICA ADVENTURE STORIES VOL 2','132','1.16','240',0),(6503,2,1,6503,'20010','AIDS PANDEMIC','385','1.16','700',0),(6504,2,1,6504,'20015','APOCALYPSE','357.5','1.16','650',0),(6505,2,1,6505,'20017','A-Z OF HEALTH','412.5','1.16','750',0),(6506,2,1,6506,'20019','AT JESUS FEET','220','1.16','400',0),(6507,2,1,6507,'20030','BEDTIME STORIES BOXED','1375','1.16','2500',0),(6508,2,1,6508,'20246','NEXT SUPERPOWER','825','1.16','1500',0),(6509,2,1,6509,'20255','OCCULT EXPLOTION','357.5','1.16','650',0),(6510,2,1,6510,'20260','PARTRIACHS','2475','1.16','4500',0),(6511,2,1,6511,'20292','REVELATION H','825','1.16','1500',0),(6512,2,1,6512,'20290','REVELATION OF THINGS','275','1.16','500',0),(6513,2,1,6513,'20300','SECRET KEYS','385','1.16','700',0),(6514,2,1,6514,'20307','SINGLE AND GIFTED','1100','1.16','2000',0),(6515,2,1,6515,'20310','STEPS TO CHRIST LOCAL','154','1.16','280',0),(6516,2,1,6516,'20315','STORY BOOK','412.5','1.16','700',0),(6517,2,1,6517,'20318','STORIES JESUS TOLD','176','1.16','320',0),(6518,1,1,6518,'10340','THINK BIG','330','1.16','600',0),(6519,2,1,6519,'20345','TO ADOLESCENTS AND PARENTS','1210','1.16','2200',0),(6520,2,1,6520,'20288','RAISING YOUR CHILD','1210','1.16','2200',0),(6521,2,1,6521,'20355','TOTAL MARRIAGE','935','1.16','1700',0),(6522,2,1,6522,'20073','ENCYCROPEDEA OF FOODS 3V','8800','1.16','16000',0),(6523,2,1,6523,'20071','ENCY OF HEALTH AND EDUCATION 4','9625','1.16','17500',0),(6524,2,1,6524,'20032','BEDTIME STORIES MYLAR','6050','1.16','11000',0),(6525,2,1,6525,'20039','BIBLE READINGS FOR THE HOME','2475','1.16','4500',0),(6526,2,1,6526,'20041','BIBLE STORY 10 VOL','9625','1.16','17500',0),(6527,2,1,6527,'20042','BOOK OF UNCOMMON PRAYER','137.5','1.16','250',0),(6528,2,1,6528,'20053','CHRISTIAN SERVICE','247.5','1.16','450',0),(6529,2,1,6529,'20058','COUPLES','1210','1.16','2200',0),(6530,2,1,6530,'20066','DESIRE OF AGES','2475','1.16','4500',0),(6531,2,1,6531,'20074','ENJOY IT HARD','1100','1.16','2000',0),(6532,2,1,6532,'20075','ENJOY ITN SOFT','660','1.16','1200',0),(6533,2,1,6533,'20091','FREE FROM DRUGS AND ADDICTIONS','1650','1.16','3000',0),(6534,2,1,6534,'20095','FOREVER STORIES','4675','1.16','8500',0),(6535,2,1,6535,'20097','FROM ETERNITY PAST','165','1.16','300',0),(6536,2,1,6536,'20120','GOD\'S GOOD NEWS','825','1.16','1500',0),(6537,2,1,6537,'20136','GOD\'S LITTLE OF ENCOURAGEMENT','137.5','1.16','250',0),(6538,2,1,6538,'20130','GREATE BATTLE','198','1.16','360',0),(6539,2,1,6539,'20132','GREAT CONTROVERSY','330','1.16','600',0),(6540,2,1,6540,'20134','GREAT STORIES FOR KIDS','3300','1.16','6000',0),(6541,2,1,6541,'20140','GUIDE TO PARENTING','1100','1.16','2000',0),(6542,2,1,6542,'20149','HE TAUGHT LOVE','385','1.16','700',0),(6543,2,1,6543,'20166','HOME AT ITS BEST','176','1.16','320',0),(6544,2,1,6544,'20169','HOW TO STAY HEALTHY','412.5','1.16','750',0),(6545,2,1,6545,'20205','JESUS-FRIEND OF CHILDREN','412.5','1.16','700',0),(6546,2,1,6546,'20209','JOY IN JESUS','385','1.16','700',0),(6547,2,1,6547,'20219','LORD\'S DAY','165','1.16','300',0),(6548,2,1,6548,'20226','MAKING FRIENDS','6325','1.16','11500',0),(6549,2,1,6549,'20228','MEET JESUS','220','1.16','400',0),(6550,2,1,6550,'20232','MOUNT OF BLESSINGS','209','1.16','380',0),(6551,2,1,6551,'20240','MY FRIEND JESUS','385','1.16','700',0),(6552,2,1,6552,'20245','NATURE QUEST','275','1.16','500',0),(6553,2,1,6553,'20357','TOUCH OF JOY','412.5','1.16','700',0),(6554,2,1,6554,'20360','TOWORDS A BETTER FUTURE','330','1.16','600',0),(6555,2,1,6555,'20363','TRAIN UP A CHILD','1100','1.16','2000',0),(6556,2,1,6556,'20537','VIBRANT HEALTH','1375','1.16','2500',0),(6557,2,1,6557,'20382','YE SHALL RECIEVE POWER','550','1.16','1000',0),(6558,2,1,6558,'20384','YOUNG WOMAN','1100','1.16','2000',0),(6559,2,1,6559,'20383','YOUNG MAN','1100','1.16','2000',0),(6560,2,1,6560,'20492','DANIELI NA SIKU ZETU','264','1.16','480',0),(6561,2,1,6561,'20493','DANIELI NA SIKU ZETU HARD','330','1.16','600',0),(6562,2,1,6562,'20495','FURAHA KATIKA NDOA','110','1.16','200',0),(6563,2,1,6563,'20500','HOMA YA DUNIA','143','1.16','260',0),(6564,2,1,6564,'20509','MAGONJUA HULETWA NA NINI','110','1.16','200',0),(6565,2,1,6565,'20512','MAJIBU KWA MASHAKA YAKO','176','1.16','320',0),(6566,2,1,6566,'20517','MLIMA WA BARAKA','209','1.16','380',0),(6567,2,1,6567,'20519','NJIA SALAMA','154','1.16','280',0),(6568,2,1,6568,'20522','NYUMBA YA MAFANIKIO','154','1.16','280',0),(6569,2,1,6569,'20525','SOBATO YA KWELI','121','1.16','220',0),(6570,2,1,6570,'20530','UFUNUO','264','1.16','480',0),(6571,2,1,6571,'20532','ULEVI NA MADHARA YAKO','110','1.16','200',0),(6572,2,1,6572,'20540','VITA KUU','198','1.16','360',0),(6573,2,1,6573,'20092','FRIENDS FOR KEEPS','550','1.16','1000',0),(6574,2,1,6574,'20227','MIKE\'S WORLD','550','1.16','1000',0),(6575,2,1,6575,'20324','SUNNY SIDE UP','550','1.16','1000',0),(6576,2,1,6576,'20371','WAY TO GO','550','1.16','1000',0),(6577,2,1,6577,'20079','EYE OPENER','550','1.16','1000',0),(6578,2,1,6578,'20168','HOW TO SURVIVE IN THE 21ST CEN','137.5','1.16','250',0),(6579,2,1,6579,'20365','TREASURY OF PRAYER','467.5','1.16','850',0),(6580,2,1,6580,'20330','SURVIVING THE LOSS OF A LOVED','412.5','1.16','750',0),(6581,2,1,6581,'20072','ENCY MEDICINAL PLANTS','6050','1.16','11000',0),(6582,2,1,6582,'20076','HEALTH BY NATURE','3300','1.16','6000',0),(6583,2,1,6583,'20004','AFRICA ADVENTURE STO. VOL 2','935','1.16','1700',0),(6584,2,1,6584,'20127','GOD\'S GOOD NEWS','825','1.16','1500',0),(6585,2,1,6585,'20340','THINK BIG','330','1.16','600',0),(6586,5,1,6586,'030200','DVD VICTORY','200','1.16','250',0),(6587,2,1,6587,'20157','HEART TO HEART','1210','1.16','2200',0),(6588,5,1,6588,'030077','CASSETTE 120','100','1.16','120',0),(6589,5,1,6589,'030076','VIDEO MAKONGENI','250','1.16','300',0),(6590,5,1,6590,'030079','VCD SHAURI MOYO','200','1.16','250',0),(6591,5,1,6591,'030078','VCD KAHAWA WEST','200','1.16','250',0),(6592,5,1,6592,'030061','CD CHALAYANA','300','1.16','360',0),(6593,5,1,6593,'030075','VCD MAKONGENI','200','1.16','250',0),(6594,2,1,6594,'190004','CHANGING PICTURES-BIBLE STORY','458','1.16','600',0),(6595,1,1,6595,'120026','SDA CHURCH IN AFRICA (HARD)','60','1.16','100',0),(6596,1,1,6596,'070179','SALT OF THE EARTH','188.1','1.16','250',0),(6597,1,1,6597,'070029','EASY OBEDIENCE','561','1.16','730',0),(6598,2,1,6598,'070181','WHEN THE SPIRIT DESCENDS','187','1.16','250',0),(6599,2,1,6599,'070182','UNVEILING DANIEL & REVELATION','396','1.16','500',0),(6600,2,1,6600,'070183','WHAT WE BELIEVE','327.25','1.16','450',0),(6601,1,1,6601,'090056','SEEKING GOD','60.78','1.16','100',0),(6602,1,1,6602,'150186','IN GOD\'S TIME','188.1','1.16','250',0),(6603,2,1,6603,'020014','LADDER OF LIFE','1122','1.16','1500',0),(6604,1,1,6604,'140033','MAXIMUM MARRIAGE','176','1.16','230',0),(6605,2,1,6605,'090060','GOD LOVES ME 28 WAYS','327.5','1.16','450',0),(6606,1,1,6606,'070189','EARLY WRITING-SOFT','369.6','1.16','500',0),(6607,8,1,6607,'180233','PLASTER PRAYER OF SERENITY','155','1.16','310',0),(6608,8,1,6608,'180236','PLASTER THOU SHALT LOVE','180','1.16','235',0),(6609,8,1,6609,'180221','PLASTER JESUS THE LIGHT','110','1.16','140',0),(6610,8,1,6610,'180227','PLASTER I AM THE LIGHT CANDLE','70','1.16','90',0),(6611,8,1,6611,'180249','PLASTER IN ALL THY WAYS(CORN)','130','1.16','270',0),(6612,8,1,6612,'180259','PLASTER DO YOU HAVE?','250','1.16','325',0),(6613,8,1,6613,'180243','PLASTER EARTH HAS NO SORROW','145','1.16','190',0),(6614,8,1,6614,'180256','PLASTER JESUS CHRIST','175','1.16','230',0),(6615,8,1,6615,'180077','WOOD 80','60','1.16','80',0),(6616,2,1,6616,'160001','COLPOTEUR MINISTRY-SOFT','93.5','1.16','150',0),(6617,8,1,6617,'180095','WOOD 65','50','1.16','65',0),(6618,5,1,6618,'030080','CD HYMNS FOR KIDS FRIENDSHIP','405','1.16','650',0),(6619,8,1,6619,'180252','PLASTER GIVE THANKS','330','1.16','430',0),(6620,2,1,6620,'010086','NOAH\'S ARK STICKY BK','116.88','1.16','150',0),(6621,5,1,6621,'030081','DVD DOWN HOME IN TEXAS','800','1.16','1200',0),(6622,2,1,6622,'070178','PLANET STILL IN REBELION','93.5','1.16','120',0),(6623,1,1,6623,'090057','SEEKING UNDERSTANDING','60.78','1.16','100',0),(6624,8,1,6624,'180253','PLASTER GOD GRANT ME','205','1.16','270',0),(6625,1,1,6625,'090058','SEEKING COURAGE','60.78','1.16','100',0),(6626,2,1,6626,'20316','STORY TIME IN AFRICA','1595','1.16','2900',0),(6627,5,1,6627,'030082','DVD SAFARI AFRICA','170','1.16','200',0),(6628,5,1,6628,'030201','CD MARAFIKI CHOIR','320','1.16','400',0),(6629,5,1,6629,'030202','CD ROYAL ADVENTIST','320','1.16','400',0),(6630,5,1,6630,'030203','VCD MBEYA MJINI','320','1.16','400',0),(6631,5,1,6631,'030204','VCD SAUTI YA JANGWANI','320','1.16','400',0),(6632,8,1,6632,'180211','PLASTER SHEPHERD OVAL','20','1.16','25',0),(6633,3,1,6633,'060142','BIBLE NIV GIANT PRINT H/C','1050','1.16','1400',0),(6634,3,1,6634,'060141','BIBLE NIV GIANT PRINT S/C','900','1.16','1200',0),(6635,4,1,6635,'130101','SOYA PIE','160','1.16','200',0),(6636,2,1,6636,'20123','GIFTED HANDS','357.5','1.16','600',0),(6637,1,1,6637,'070095','PICTURE ROLLS','350','1.16','450',0),(6638,8,1,6638,'180029','BOOK-MARKS-GOR','18','1.16','25',0),(6639,1,1,6639,'060211','BIBLE KJV REFERENCE','1200','1.16','1500',0),(6640,1,1,6640,'070186','TRAGEDY TO TRIUMPH','167.2','1.16','230',0),(6641,1,1,6641,'060205','BIBLE NLT THE ONE YEAR BIBLE','1000','1.16','1200',0),(6642,2,1,6642,'20275','PROPHET AND KINGS','2475','1.16','4500',0),(6643,1,1,6643,'130172','SOYA DRINK MUCHITSA 150GMS','55','1.16','70',0),(6644,4,1,6644,'130168','VEGAN PEANUT 400GM','115','1.16','150',0),(6645,1,1,6645,'130171','NUTRO PEANUT 250G CRUNCHY','56','1.16','70',0),(6646,1,1,6646,'130170','NUTRO PEANUT 250GM SMOOTH','56','1.16','70',0),(6647,2,1,6647,'20156','HEALTHY FOODS','1925','1.16','3500',0),(6648,2,1,6648,'20067','DESIRE OF AGES SOFT','82.5','1.16','150',0),(6649,1,1,6649,'060209','BIBLE NLT COMPACT EDT','800','1.16','1000',0),(6650,3,1,6650,'060121','BIBLE NKJV CLASSIC COMPACT','800','1.16','1000',0),(6651,2,1,6651,'20049','CHARACTER BUILDING HIS','1375','1.16','2500',0),(6652,1,1,6652,'060207','BIBLE KJV WEDDING','600','1.16','800',0),(6653,3,1,6653,'060138','BIBLE GOODNEWS SMALL RED','327.6','1.16','420',0),(6654,2,1,6654,'20555','INVOICE PAD','150','1.16','150',0),(6655,5,1,6655,'170052','VCD VICTORY','150','1.16','200',0),(6656,5,1,6656,'030062','CD VICTORY','120','1.16','180',0),(6657,1,1,6657,'070188','FAMILY BIBLE','1309','1.16','1600',0),(6658,3,1,6658,'070112','TEN COMMANDMENTS','75','1.16','75',0),(6659,2,1,6659,'TEN COMMANDMENTS','TEN COMMANDMENTS','75','1.16','100',0),(6660,1,1,6660,'130041','TEN COMMANDMENTS','75','1.16','75',0),(6661,2,1,6661,'20125','GOD\'S ANSWERS TO QUESTIONS','357.5','1.16','650',0),(6662,2,1,6662,'20380','WINNING','275','1.16','500',0),(6663,3,1,6663,'0600217','BIBLE FRENCH STUDY','2100','1.16','2800',0),(6664,1,1,6664,'060219','BIBLE FRENCH S/C','667.5','1.16','890',0),(6665,3,1,6665,'060069','BIBLE KAMBA','530.4','1.16','680',0),(6666,1,1,6666,'060281','BIBLE THOMPSON\'S TOPICAL','1492.5','1.16','1990',0),(6667,4,1,6667,'130173','NUTRO HONEY 300GM','85','1.16','110',0),(6668,1,1,6668,'060282','BIBLE NCV LEATHER','500','1.16','650',0),(6669,1,1,6669,'060185','BIBLE NCV H/C','300','1.16','400',0),(6670,2,1,6670,'20309','STRESS AND ANXIETY','660','1.16','1200',0),(6671,2,1,6671,'20158','HEADACHES','660','1.16','1200',0),(6672,2,1,6672,'20170','HOME HEALTH CARE','1100','1.16','2000',0),(6673,2,1,6673,'20128','GOD\'S LITTLE BOOK OF PROMISE','137.5','1.16','250',0),(6674,2,1,6674,'20129','BOOK OF PRAYER FOR PARENTS','137.5','1.16','250',0),(6675,1,1,6675,'06079','BIBLE NIV STUDENT H/C','480','1.16','600',0),(6676,1,1,6676,'060283','KJV STRONG\'S CONCORDANCE','500','1.16','650',0),(6677,2,1,6677,'19005','CHANGING PICTURES-JESUS & HIS','458','1.16','600',0),(6678,1,1,6678,'150187','THE CALLED THE CHOSEN','115','1.16','150',0),(6679,5,1,6679,'030073','CD DORINE KATIBA','200','1.16','250',0),(6680,8,1,6680,'180237','PLASTER GOD BLESS','95','1.16','125',0),(6681,8,1,6681,'180268','PLASTER MY PEACE I GIVE','90','1.16','120',0),(6682,8,1,6682,'180269','PLASTER THE FAMILY HANDS','95','1.16','125',0),(6683,2,1,6683,'050101','NEVER ALONE','198','1.16','250',0),(6684,1,1,6684,'050100','YOUR WORD MY PRAYER','167.2','1.16','250',0),(6685,2,1,6685,'010853','FROM THE HEART','342','1.16','450',0),(6686,1,1,6686,'030084','SDA HYMNAL PAPERPACK','198','1.16','400',0),(6687,2,1,6687,'010851','MILK AND HONEY','264','1.16','350',0),(6688,2,1,6688,'010850','EXODUS','264','1.16','350',0),(6689,3,1,6689,'060097','BIBLE SDA HYMNAL KJV STUDY','2640','1.16','3500',0),(6690,1,1,6690,'150188','COURAGEOUS KIDS','70','1.16','100',0),(6691,1,1,6691,'060221','BIBLE NKJV FAMILY','800','1.16','1000',0),(6692,1,1,6692,'130164','MWEMA SUPER SOYA','50','1.16','60',0),(6693,1,1,6693,'130169','NUTRO PEANUT CRUNCHY 400G','96','1.16','120',0),(6694,1,1,6694,'060222','BIBLE NIV BEGINNERS','600','1.16','750',0),(6695,2,1,6695,'20598','FIT FOR EVER','550','1.16','1000',0),(6696,2,1,6696,'20155','HEALTHY POWER','825','1.16','1500',0),(6697,1,1,6697,'060220','BIBLE KJV SMALLEST FLAP','1200','1.16','1500',0),(6698,1,1,6698,'130065','SOYA DRINK 150GRMS','50','1.16','60',0),(6699,2,1,6699,'010852','ONE MORE RIVER','264','1.16','350',0),(6700,2,1,6700,'010030','JOURNEY TO JOY','88','1.16','130',0),(6701,2,1,6701,'20038','BIBLE PARABLES','247.5','1.16','450',0),(6702,2,1,6702,'20237','MY FIRST BIBLE','247.5','1.16','450',0),(6703,1,1,6703,'20011','ANGLES IN THE BIBLE','247.5','1.16','450',0),(6704,2,1,6704,'20060','DANIEL AND OUR TIMES','275','1.16','500',0),(6705,2,1,6705,'20046','BIBLE STORY SMALL','247.5','1.16','450',0),(6706,1,1,6706,'150191','WE CAN KEEP THEM IN THE CHURCH','210','1.16','300',0),(6707,1,1,6707,'150202','PRISONER FOR CHRIST','140','1.16','200',0),(6708,1,1,6708,'150205','LORD I HAVE A QUESTION','140','1.16','200',0),(6709,1,1,6709,'050006','A DIFFERENT CHURCH','140','1.16','200',0),(6710,1,1,6710,'150189','COME TO THE QUEIT','140','1.16','200',0),(6711,1,1,6711,'150201','PRAYER WORRIORS FINAL CHAPTER','140','1.16','200',0),(6712,1,1,6712,'150192','PILGRIMS PROBLEM','126','1.16','180',0),(6713,1,1,6713,'150199','ZACHEAUS EFFECT','84','1.16','120',0),(6714,1,1,6714,'150193','PARENTING BY THE SPIRIT','140','1.16','200',0),(6715,1,1,6715,'150209','WHEN HEAVEN PAUSES','70','1.16','100',0),(6716,1,1,6716,'150198','24 WAYS TO IMPROVE YOUR HEALTH','70','1.16','100',0),(6717,1,1,6717,'150204','FOREVER HIS','140','1.16','200',0),(6718,1,1,6718,'150206','WONDERFUL WORD OF GOD','140','1.16','200',0),(6719,1,1,6719,'150203','PLACE IN GOD\'S HEART','140','1.16','200',0),(6720,1,1,6720,'150190','RELIGION IN RELATIONSHIP','140','1.16','200',0),(6721,5,1,6721,'030083','CD BUL BUL','150','1.16','200',0),(6722,8,1,6722,'180109','WOOD 185','140','1.16','185',0),(6723,5,1,6723,'030085','CD KING\'S MESSENGERS','100','1.16','150',0),(6724,1,1,6724,'070237','SECOND IN COMMAND','598','1.16','780',0),(6725,1,1,6725,'070232','SPIRITUAL LEADERSHIP','367.5','1.16','480',0),(6726,1,1,6726,'070231','12 KEYS TO FINANCIAL SUCCESS','318.5','1.16','420',0),(6727,1,1,6727,'070234','HOW TO BEAT YOUR WIFE II','225','1.16','295',0),(6728,1,1,6728,'070233','BUSINESS FOR THE GLORY OF GOD','292.5','1.16','380',0),(6729,1,1,6729,'070238','COURAGIOUS LEADERS','292.5','1.16','380',0),(6730,1,1,6730,'070230','JESUS ON LEADERSHIP','572','1.16','750',0),(6731,2,1,6731,'010087','PEOPLE OF THE NEW TESTAMENT','116.88','1.16','150',0),(6732,2,1,6732,'010089','GOD\'S WONDERFUL WORLD','116.88','1.16','150',0),(6733,2,1,6733,'010088','PEOPLE OF OLD TESTAMENT','116.88','1.16','150',0),(6734,1,1,6734,'070236','COURAGEOUS LEADERSHIP','604.5','1.16','785',0),(6735,8,1,6735,'180341','AFRICA VILLAGES','250','1.16','325',0),(6736,8,1,6736,'180340','CIRCLE VILLAGES','250','1.16','325',0),(6737,8,1,6737,'180342','CARDS VILLAGES','35','1.16','45',0),(6738,1,1,6738,'150195','SECRET OF SCARLET COVE','105','1.16','150',0),(6739,1,1,6739,'150200','ADVENTIST GIRL SERIES','140','1.16','200',0),(6740,1,1,6740,'150208','PASSION OF MESSIAH','35','1.16','50',0),(6741,1,1,6741,'150194','LIVING IN THE SPIRIT','140','1.16','200',0),(6742,1,1,6742,'150207','BEANIE THE HORSE','35','1.16','50',0),(6743,1,1,6743,'150197','BEANIE THE HORSE','98','1.16','140',0),(6744,5,1,6744,'030050','CD HYMN-MAKERS','522','1.16','650',0),(6745,5,1,6745,'030086','CD 50 CLASSIC HYMNS','754','1.16','950',0),(6746,5,1,6746,'030087','CD HYMNS  JUST AS I AM','650','1.16','950',0),(6747,5,1,6747,'030088','CD HYMNS 4 WORSHIP-AMAZING GRA','754','1.16','950',0),(6748,1,1,6748,'010828','CORNERSTONE','180','1.16','300',0),(6749,5,1,6749,'0300198','DVD KING\'S MELODIES','150','1.16','200',0),(6750,5,1,6750,'0300072','CD KIMANGA','250','1.16','300',0),(6751,5,1,6751,'0300054','CD NYAKOREMA','250','1.16','300',0),(6752,5,1,6752,'0300073','CD NEEMA','250','1.16','300',0),(6753,5,1,6753,'1700041','VIDEO GOSPEL','250','1.16','300',0),(6754,5,1,6754,'0300088','MP3-AMERICA','300','1.16','350',0),(6755,5,1,6755,'1700044','VIDEO KIJENGE','250','1.16','300',0),(6756,5,1,6756,'1700039','VIDEO KINONDONI','250','1.16','300',0),(6757,5,1,6757,'0300018','CD KING\'S MINISTRIES','150','1.16','200',0),(6758,5,1,6758,'0300077','CD SAFARI','250','1.16','300',0),(6759,5,1,6759,'1700070','DVD BETHELI','300','1.16','350',0),(6760,5,1,6760,'0300071','CD KIGALI','270','1.16','350',0),(6761,5,1,6761,'0300076','CD UNISAFISHE','250','1.16','300',0),(6762,5,1,6762,'0300020','CD AMAZING GRACE','200','1.16','250',0),(6763,5,1,6763,'0300053','CD BUBOMBI','250','1.16','300',0),(6764,1,1,6764,'193022','DEPUTY DIRECTOR STRIPS','48','1.16','65',0),(6765,1,1,6765,'193025','JR COUNSELLORS STRPS','48','1.16','65',0),(6766,1,1,6766,'192303','RANGER RIBBON','62','1.16','80',0),(6767,1,1,6767,'193021','DIRECTOR STRIPS','48','1.16','65',0),(6768,1,1,6768,'193080','PATHFINDER PINS-CONO','62','1.16','80',0),(6769,1,1,6769,'193024','INSTRUCTOR STRIPS','48','1.16','65',0),(6770,1,1,6770,'192305','GUIDE RIBBON BARS','62','1.16','80',0),(6771,1,1,6771,'193050','SDA PINS-BAPTISMAL PINS','55','1.16','70',0),(6772,1,1,6772,'193060','PATHFINDER PINS','62','1.16','80',0),(6773,1,1,6773,'192300','FRIEND RIBBON','62','1.16','80',0),(6774,1,1,6774,'197200','COMMUNITY ASSESSMENT','50','1.16','65',0),(6775,1,1,6775,'192301','COMPANION RIBBON','62','1.16','80',0),(6776,1,1,6776,'192302','EXPLORER RIBBON','62','1.16','80',0),(6777,1,1,6777,'193023','COUNSELLOR STRIPS','48','1.16','65',0),(6778,1,1,6778,'192304','VOYAGER RIBBON BARS','62','1.16','80',0),(6779,1,1,6779,'193002','PATHFINDER 3RD TRIANGLE','62','1.16','80',0),(6780,1,1,6780,'193020','AREA COORDINATOR','48','1.16','65',0),(6781,1,1,6781,'193003','PATHFINDER 4TH TRIANGLE','83','1.16','110',0),(6782,1,1,6782,'190303','AY PINS','55','1.16','70',0),(6783,1,1,6783,'193041','SCRIPE PINS','265','1.16','350',0),(6784,1,1,6784,'191050','YOUTH DIRECTOR MANUAL','405','1.16','550',0),(6785,1,1,6785,'191121','PATHFINDER ACHIEVEMENT-COMPANI','370','1.16','500',0),(6786,1,1,6786,'191124','PATHFINDER ACHIEVEMENT-VOYAGER','370','1.16','500',0),(6787,1,1,6787,'191125','PATHFINDER ACHIEVEMENT-GUIDE','370','1.16','500',0),(6788,1,1,6788,'191140','MASTER GUIDE C. MANUAL','685','1.16','900',0),(6789,1,1,6789,'191200','PATHFINDER ACHIEV- FRIEND','370','1.16','500',0),(6790,1,1,6790,'195080','YOUTH MINISTRY HANDBOOK','720','1.16','1000',0),(6791,1,1,6791,'191055','YOUTH MINISTRY HANDBOOK','370','1.16','500',0),(6792,1,1,6792,'191122','PATHFINDER ACHIEV-EXPLORER','370','1.16','500',0),(6793,1,1,6793,'191071','KNOTS-CASHING BOOK','142.5','1.16','185',0),(6794,1,1,6794,'193040','CAPTAIN PINS','265','1.16','350',0),(6795,1,1,6795,'191195','ADVENTURER ADMIN. MANUAL','440','1.16','600',0),(6796,3,1,6796,'0600210','BIBLE ENGLISH STANDARD','640','1.16','800',0),(6797,1,1,6797,'130088','HONEY RESEARCH','140','1.16','170',0),(6798,3,1,6798,'0600211','BIBLE EAGER READER BIBLE','300','1.16','500',0),(6799,3,1,6799,'060014','BIBLE NKJV GIFT AWARD','487.5','1.16','650',0),(6800,8,1,6800,'180261','WOOD 125','95','1.16','125',0),(6801,8,1,6801,'180244','PLASTER CASTING ALL YOUR CARES','145','1.16','190',0),(6802,3,1,6802,'0600212','BIBLE NIV/MESSAGE PARARELL','1000','1.16','1200',0),(6803,3,1,6803,'060199','BIBLE YOUTH DENIM','546','1.16','700',0),(6804,5,1,6804,'1700035','VIDEO BETHELI','250','1.16','300',0),(6805,1,1,6805,'0700204','FINANCIAL MANAGEMENT FOR NGOS','350','1.16','500',0),(6806,5,1,6806,'030065','TOP 50 BIBLE SONGS','350','1.16','550',0),(6807,5,1,6807,'030064','CD FRIENDSHIP COMPANY','450','1.16','650',0),(6808,1,1,6808,'192253','RANGER CHEVRONS','37.5','1.16','50',0),(6809,1,1,6809,'192252','EXPLORER CHEVRONS','37.5','1.16','50',0),(6810,1,1,6810,'192151','COMPANION CHEVRONS','37.5','1.16','50',0),(6811,1,1,6811,'191000','PATHFINDER WORLD EMBLEM','65.5','1.16','85',0),(6812,1,1,6812,'192250','FRIENDS CHEVRONS','37.5','1.16','50',0),(6813,1,1,6813,'192260','GUIDE CHEVRONS','37.5','1.16','50',0),(6814,1,1,6814,'192254','VOYAGER CHEVRONS','37.5','1.16','50',0),(6815,1,1,6815,'195770','INSECTS','48','1.16','65',0),(6816,1,1,6816,'192122','EXPLORER PINS','62','1.16','80',0),(6817,1,1,6817,'192123','RANGER PINS','62','1.16','80',0),(6818,1,1,6818,'192121','COMPANIONS PINS','62','1.16','80',0),(6819,1,1,6819,'192120','FRIENDS PINS','62','1.16','80',0),(6820,1,1,6820,'192124','VOYAGER PINS','62','1.16','80',0),(6821,8,1,6821,'180229','PLASTER JESUS NEVER FAILS','130','1.16','270',0),(6822,8,1,6822,'180247','PLASTER HAVE YOU TRIED JESUS','160','1.16','210',0),(6823,8,1,6823,'180087','WOOD 85','220','1.16','285',0),(6824,8,1,6824,'180360','KEY RING','215.51','1.16','250',0),(6825,2,1,6825,'010096','WONDERFUL BOAT DOT TO DOT','52.5','1.16','75',0),(6826,2,1,6826,'010091','BIBLE HEROES GIDEON','52.5','1.16','75',0),(6827,2,1,6827,'010093','BIBLE HEROES ESTHER','52.5','1.16','75',0),(6828,2,1,6828,'010095','BIBLE HEROES ELIJAH','52.5','1.16','75',0),(6829,2,1,6829,'010092','BIBLE HEROES MARY','52.5','1.16','75',0),(6830,2,1,6830,'010094','BIBLE HEROES DANIEL','52.5','1.16','75',0),(6831,2,1,6831,'010118','PROUD PRAYER','133','1.16','160',0),(6832,2,1,6832,'010115','RUNAWAY SON','133','1.16','160',0),(6833,2,1,6833,'010090','JESUS THE CHILD','105','1.16','150',0),(6834,2,1,6834,'010097','HANNAH THE MOTHER WHO PRAYED','105','1.16','150',0),(6835,2,1,6835,'010103','TODAY\'S HEROES-BEN CARSON','234','1.16','400',0),(6836,2,1,6836,'010099','JESUS THE MIRACLE WORKER','105','1.16','150',0),(6837,2,1,6837,'010107','JESUS STORY TELLER','105','1.16','150',0),(6838,2,1,6838,'010110','JESUS THE TEACHER','105','1.16','150',0),(6839,8,1,6839,'180339','FOR I KNOW','310','1.16','390',0),(6840,3,1,6840,'060161','BIBLE NIV STUDY H/C','1625','1.16','2000',0),(6841,4,1,6841,'130047','VEGAN PEANUT BUTTER 900GM','230','1.16','300',0),(6842,5,1,6842,'0300074','CD MAKONGENI','150','1.16','200',0),(6843,3,1,6843,'060088','BIBLE KISWAHILI 025A','546','1.16','700',0),(6844,3,1,6844,'060083','BIBLE KISWAHILI 025ZB','522.6','1.16','630',0),(6845,3,1,6845,'060089','BIBLE KISWAHILI 27Z','507','1.16','650',0),(6846,3,1,6846,'060117','BIBLE ENGLISH STANDARD ESV 03','764.4','1.16','980',0),(6847,1,1,6847,'190069','ADVENTURER WORLD EMBLEM','65.5','1.16','85',0),(6848,1,1,6848,'060170','BIBLEB NKJV COMPACT TEXT','700','1.16','850',0),(6849,1,1,6849,'190063','ADVENTURER AWARD BIBLE EV.','48','1.16','65',0),(6850,1,1,6850,'190062','ADVENTUR AWARD COMMUNICATION','48','1.16','65',0),(6851,1,1,6851,'190032','ADVENTUR NEWPINS HELPING HAND','62','1.16','80',0),(6852,1,1,6852,'190051','ADVENTUR AWARD BIBLE STUDY','48','1.16','65',0),(6853,1,1,6853,'190068','ADVENTUR AWARD BATCH','85','1.16','110',0),(6854,1,1,6854,'190052','ADVENTUR BIBLE STUDY II','48','1.16','65',0),(6855,1,1,6855,'190059','ADVENTUR AWARD CAKE DECORATING','48','1.16','65',0),(6856,1,1,6856,'190067','ADVENTUR AWARD DISASTER RESP','48','1.16','65',0),(6857,1,1,6857,'190038','ADVENTUR OLDPIN SUNBEAM','55','1.16','70',0),(6858,1,1,6858,'190036','ADVENTUR OLDPIN BUSYBEE','55','1.16','70',0),(6859,1,1,6859,'190054','ADVENTUR AWARD FRIENDS OF AN','48','1.16','65',0),(6860,1,1,6860,'190064','ADVENTUR AWARD COUNSELLOR','48','1.16','65',0),(6861,1,1,6861,'190044','ADVENTUR OLDPIN HELPING/HAND','55','1.16','70',0),(6862,1,1,6862,'190053','ADVENTUR AWARD KITE FUNE','48','1.16','65',0),(6863,1,1,6863,'190034','ADVENTUR NEWPIN SUNBEAM','62','1.16','80',0),(6864,1,1,6864,'190041','ADVENTUR OLDPIN BUILDER','55','1.16','70',0),(6865,1,1,6865,'1900311','ADVENTUR NEWPIN BUILDER','62','1.16','80',0),(6866,1,1,6866,'1900299','ADVENTUR NEWPIN BUSYBEE','62','1.16','80',0),(6867,5,1,6867,'030089','CD NYIMBO ZA KRISTO','150','1.16','200',0),(6868,5,1,6868,'1700048','VIDEO KIMANGA','250','1.16','300',0),(6869,2,1,6869,'070239','LEST WE FORGET','394.4','1.16','550',0),(6870,1,1,6870,'060290','BIBLE NIV WOMEN\'S DEVOTIONAL','900','1.16','1200',0),(6871,3,1,6871,'060293','BIBLE NKJV MAXWELL RV. H/C','1943.5','1.16','2500',0),(6872,1,1,6872,'070263','HOW TO BEAT YOUR WIFE I','187.5','1.16','245',0),(6873,1,1,6873,'070261','HOW TO BEAT YOUR CHILDREN','187.5','1.16','245',0),(6874,1,1,6874,'070235','HOW TO BEAT YOUR INLAWS','187.5','1.16','245',0),(6875,2,1,6875,'010114','PICTURE GOSPELS','217.5','1.16','290',0),(6876,2,1,6876,'010121','HEROES 4 YOUNG READERS AMY CAR','325','1.16','400',0),(6877,2,1,6877,'010102','HEROES 4 YOUNG READERS JIM ELL','325','1.16','400',0),(6878,2,1,6878,'010100','HEROES 4 YOUNG READERS D. LIVI','325','1.16','400',0),(6879,2,1,6879,'010101','HEROES 4 YOUNG READERS GEORGE','325','1.16','400',0),(6880,2,1,6880,'010120','HEROES 4 YOUNG READERS GLADYS','325','1.16','400',0),(6881,1,1,6881,'070260','HOW TO BEAT YOUR HUSBAND','187.5','1.16','245',0),(6882,1,1,6882,'070262','HOW TO BEAT YOUR HUSBAND II','225','1.16','295',0),(6883,5,1,6883,'030094','CD NDOA TAKATIFU','150','1.16','200',0),(6884,5,1,6884,'030090','CD ROJOROJO','150','1.16','200',0),(6885,5,1,6885,'030091','CD JAMBO KUBWA','150','1.16','200',0),(6886,5,1,6886,'030092','CD TAZAMA YUAJA UPESI','150','1.16','200',0),(6887,5,1,6887,'030093','CD AMINI ATARUDI','150','1.16','200',0),(6888,5,1,6888,'030095','CD DAMU YA YESU','150','1.16','200',0),(6889,5,1,6889,'030096','CD TUSICHOKE SAFARINI','150','1.16','200',0),(6890,1,1,6890,'060173','BIBLE NIV COMPACT BURG ZIPPED','352.5','1.16','460',0),(6891,1,1,6891,'030098','SDA HYMNAL ZIPPED','278','1.16','550',0),(6892,2,1,6892,'070241','SWEETER THAN HONEY','650','1.16','780',0),(6893,1,1,6893,'060171','BIBLE NIV T/A ZIPPED','350','1.16','450',0),(6894,1,1,6894,'190017','PATHFINDER INVESTURE CERTIFICA','5','1.16','10',0),(6895,8,1,6895,'180279','PLASTER THOU WILL KEEP','95','1.16','125',0),(6896,1,1,6896,'192130','GUIDE PINS','62','1.16','80',0),(6897,2,1,6897,'010098','RUINED CITY','52.5','1.16','75',0),(6898,1,1,6898,'192131','MASTERGUIDE PINS','62','1.16','80',0),(6899,1,1,6899,'100425','STORY OF REDEMPTION/STEPS TO C','55','1.16','75',0),(6900,5,1,6900,'030097','VCD JAMBO KUBWA','200','1.16','250',0),(6901,2,1,6901,'070240','GOD\'S ANSWERS TO YOUR QUESTION','187.35','1.16','250',0),(6902,3,1,6902,'060143','BIBLE NIV STUDENT COMPANION','375','1.16','500',0),(6903,1,1,6903,'040144','MARKERS','12.5','1.16','20',0),(6904,1,1,6904,'040237','S/HAND N/BOOK','22.5','1.16','30',0),(6905,7,1,6905,'040010','PELICAN HIGHLIGHTER','30','1.16','40',0),(6906,1,1,6906,'040090','BIC FINE','16','1.16','20',0),(6907,7,1,6907,'040006','PENCILS STEADLER','22.91','1.16','30',0),(6908,1,1,6908,'040236','LOOSE PAD','30','1.16','35',0),(6909,1,1,6909,'040035','ENVELOPE A4','5','1.16','10',0),(6910,9,1,6910,'040030','ENVELOPE LARGE','1.25','1.16','10',0),(6911,7,1,6911,'040001','GOMME RUBBERS','0.7','1.16','1',0),(6912,1,1,6912,'040050','SPRING FILES','28','1.16','35',0),(6913,1,1,6913,'040120','STAPLERS','160','1.16','210',0),(6914,1,1,6914,'040121','STAPLER PINS','80','1.16','105',0),(6915,1,1,6915,'040174','MANILA PAPER','9','1.16','15',0),(6916,5,1,6916,'030099','DVD DERRICK AMAYO','150','1.16','200',0),(6917,2,1,6917,'030069','PERSONAL MINISTRIES H/BOOK','130','1.16','150',0),(6918,5,1,6918,'030068','DVD MUHADHARA','200','1.16','230',0),(6919,1,1,6919,'191123','PATHFINDER ACHIEVEMENT RANGER','370','1.16','500',0),(6920,1,1,6920,'150007','DECIEVED BY THE NEW AGE','330','1.16','430',0),(6921,1,1,6921,'060292','BIBLE NIV COMPACT BLACK','292.5','1.16','380',0),(6922,1,1,6922,'060291','BIBLE NIV COMPACT BURG SC','292.5','1.16','380',0),(6923,3,1,6923,'060148','BIBLE NIV POCKET B/L','693','1.16','990',0),(6924,4,1,6924,'030066','SOYA PIE','65','1.16','80',0),(6925,1,1,6925,'060218','BIBLE FRENCH H/C','592.5','1.16','790',0),(6926,3,1,6926,'0600213','BIBLE ESV 032','390','1.16','500',0),(6927,1,1,6927,'121022','BIBLE KJV/HISTORY OF REDEMPTIO','2500','1.16','3300',0),(6928,1,1,6928,'121023','HISTORY OF REDEMPTION ZIPPED','2000','1.16','2600',0),(6929,1,1,6929,'121024','TESTIMONIES FOR THE CHURCH ZIP','3256','1.16','4250',0),(6930,3,1,6930,'21027','BIBLE NIRV EXPLORER Y/READERS','350','1.16','700',0),(6931,1,1,6931,'121025','BIBLE NKJV EXPLORER KIDS','700','1.16','900',0),(6932,3,1,6932,'21025','BIBLE NLT MY FIRST BIBLE','1170','1.16','1500',0),(6933,2,1,6933,'21026','BIBLE NASB LIFE APPLICATION','1472','1.16','1900',0),(6934,2,1,6934,'210028','BIBLE MAX LUCADO DEVOTIONAL','715','1.16','900',0),(6935,2,1,6935,'210029','BIBLE NIV PEW-CRIMSON','409.5','1.16','530',0),(6936,2,1,6936,'210030','BIBLE NIV PEW - BLACK','409.5','1.16','530',0),(6937,5,1,6937,'030100','CD WANDABWA ENOCK','150','1.16','200',0),(6938,5,1,6938,'030063','CD UPENDO','100','1.16','150',0),(6939,7,1,6939,'040003','ENVELOPES AIRMAIL BANKER','0.33','1.16','2',0),(6940,1,1,6940,'060320','BIBLE KALENJIN 052 LUXURY','624','1.16','800',0),(6941,1,1,6941,'060325','BIBLE KISII 052 LUXURY','670.8','1.16','860',0),(6942,1,1,6942,'060315','BIBLE LUO 052 PP LUXURY','624','1.16','800',0),(6943,3,1,6943,'060179','BIBLE GOOD NEWS SMALLEST','351','1.16','450',0),(6944,8,1,6944,'180100','WOOD 105','80','1.16','105',0),(6945,8,1,6945,'180262','WOOD 130','100','1.16','130',0),(6946,2,1,6946,'010125','LOOK, LISTEN & LEARN BIBLE STO','280','1.16','370',0),(6947,2,1,6947,'010135','MY 100 BEST LOVED BIBLE STORY','413','1.16','550',0),(6948,2,1,6948,'010130','JOY KIDS FIRST BIBLE STORIES','275','1.16','400',0),(6949,1,1,6949,'060301','BIBLE KJV HANDY COMPACT','377','1.16','580',0),(6950,5,1,6950,'0301012','VCD SHAURIMOYO','130','1.16','160',0),(6951,5,1,6951,'030101','CD 16 GREAT HYMNS','406','1.16','550',0),(6952,1,1,6952,'060225','BIBLE NKJV EXTREME TEEN','500','1.16','650',0),(6953,1,1,6953,'060201','BIBLE NIV WOMEN DEV. LIB','1000','1.16','1300',0),(6954,1,1,6954,'060227','BIBLE NIV ADVENTURE IMITATION','700','1.16','910',0),(6955,1,1,6955,'060223','BIBLE NIV THINLINE LIB','1000','1.16','1300',0),(6956,1,1,6956,'060202','BIBLE NIV WOM.DEV H/C GREEN','800','1.16','1040',0),(6957,1,1,6957,'060204','BIBLE NIV G/P IMITATION','1000','1.16','1300',0),(6958,1,1,6958,'060224','BIBLE KJV G/P PERSONALIZE LIB','850','1.16','1100',0),(6959,1,1,6959,'060226','BIBLE KJV REFERENCE LIB','1200','1.16','1560',0),(6960,1,1,6960,'060305','BIBLE NIV MINI BONDED LEATHER','442.5','1.16','590',0),(6961,3,1,6961,'060310','BIBLE NIV MINI POCKET ZIPPED','337.5','1.16','450',0),(6962,5,1,6962,'030103','DVD ACACIA SINGERS','150','1.16','200',0),(6963,6,1,6963,'160000','LESSON KALENJIN','45.5','1.16','50',0),(6964,5,1,6964,'030104','DVD ROJO ROJO','200','1.16','250',0),(6965,5,1,6965,'030106','VCD ROJO ROJO','200','1.16','250',0),(6966,5,1,6966,'030105','CD WOKOVU VOL 8','200','1.16','250',0),(6967,3,1,6967,'060144','BIBLE NIV STD ED. (ZIPPED','425','1.16','530',0),(6968,8,1,6968,'180254','PLASTER I CAN DO','110','1.16','140',0),(6969,8,1,6969,'180260','WOOD 50','40','1.16','50',0),(6970,8,1,6970,'180264','WOOD 55','45','1.16','55',0),(6971,8,1,6971,'180161','WOOD 60','50','1.16','60',0),(6972,8,1,6972,'180266','WOOD 75','60','1.16','75',0),(6973,8,1,6973,'180267','WOOD 85','70','1.16','85',0),(6974,8,1,6974,'180163','WOOD 95','80','1.16','95',0),(6975,8,1,6975,'180072','WOOD 115','95','1.16','115',0),(6976,8,1,6976,'180272','WOOD 120','100','1.16','120',0),(6977,8,1,6977,'180274','WOOD 135','110','1.16','135',0),(6978,8,1,6978,'180137','WOOD 170','140','1.16','170',0),(6979,1,1,6979,'130276','WOOD 180','150','1.16','180',0),(6980,8,1,6980,'180284','WOOD 200','165','1.16','200',0),(6981,8,1,6981,'180086','WOOD 205','170','1.16','205',0),(6982,8,1,6982,'180084','WOOD 240','200','1.16','240',0),(6983,8,1,6983,'180111','WOOD 255','210','1.16','255',0),(6984,8,1,6984,'180185','WOOD 265','220','1.16','265',0),(6985,8,1,6985,'180277','WOOD 335','280','1.16','335',0),(6986,8,1,6986,'180116','WOOD 360','300','1.16','360',0),(6987,8,1,6987,'180083','WOOD 385','320','1.16','385',0),(6988,8,1,6988,'180281','WOOD 420','350','1.16','420',0),(6989,8,1,6989,'180282','WOOD 480','400','1.16','480',0),(6990,8,1,6990,'180283','WOOD 540','450','1.16','540',0),(6991,3,1,6991,'060168','BIBLE TODAYS PARALLEL','1000','1.16','1300',0),(6992,3,1,6992,'060165','BIBLE NIV POCKET SIZE ZIPPED','337.5','1.16','450',0),(6993,3,1,6993,'060167','BIBLE NIV STD B/L ZIPPED','900','1.16','1150',0),(6994,1,1,6994,'060177','BIBLE AUDIO NIV/KJV','1995','1.16','2500',0),(6995,1,1,6995,'060175','BIBLE SWORDSEARCHER SOFTWARE','3395','1.16','4250',0),(6996,3,1,6996,'060232','BIBLE KIKAMBA 052','585','1.16','750',0),(6997,1,1,6997,'060228','BIBLE KJV BROWN/TAN ZIPPED','624','1.16','800',0),(6998,1,1,6998,'060231','BIBLE KJV BLACK H/C','273','1.16','350',0),(6999,1,1,6999,'060233','MY FIRST HANDY BIBLE','351','1.16','450',0),(7000,3,1,7000,'060011','BIBLE NIV THOMPSON CHAIN','1716','1.16','2200',0),(7001,1,1,7001,'060178','BIBLE NKJV PRECIOUS MOMENTS','787.5','1.16','2000',0),(7002,1,1,7002,'060229','BIBLE KJV BLUE/GREY ZIPPED','624','1.16','800',0),(7003,5,1,7003,'030206','VCD MASALIO MELODIES','150','1.16','200',0),(7004,5,1,7004,'030207','DVD WAITHAKA SDA CHURCH','150','1.16','200',0),(7005,5,1,7005,'030205','DVD KURESIET','150','1.16','200',0),(7006,1,1,7006,'060234','BIBLE NIV YOUNG WOMAN OF FAITH','1000','1.16','1200',0),(7007,2,1,7007,'20378','WHAT MEN SHOULD UNDERSTAND ABO','165','1.16','300',0),(7008,2,1,7008,'20005','TREASURE FOR WOMEN','165','1.16','300',0),(7009,2,1,7009,'20218','LITTLE BK OF PRAISES FOR WOMEN','137.5','1.16','250',0),(7010,2,1,7010,'20124','GOD\'S LITTLE BK OF PRAYER','137.5','1.16','250',0),(7011,2,1,7011,'20063','DANGEROUS RELATIONS','165','1.16','300',0),(7012,2,1,7012,'20137','GOD\'S LITTLE BK OF HO','165','1.16','300',0),(7013,2,1,7013,'20267','POINTED AND POWERFUL PRAYER','137.5','1.16','250',0),(7014,2,1,7014,'20204','JESUS AND YOU','165','1.16','300',0),(7015,2,1,7015,'20308','STRESSED HOW TO HANDLE','165','1.16','300',0),(7016,2,1,7016,'20379','WHAT WOMEN SHOULD UNDERSTAND A','165','1.16','300',0),(7017,2,1,7017,'20050','CALENDERS','82.5','1.16','150',0),(7018,5,1,7018,'170053','VCD DORINE KATIBA','200','1.16','250',0),(7019,8,1,7019,'180069','WOOD 215','165','1.16','215',0),(7020,8,1,7020,'180276','WOOD 180','150','1.16','180',0),(7021,5,1,7021,'030107','CD STEPHEN BOAZ','80','1.16','150',0),(7022,5,1,7022,'170057','VCD BUGARIKA VOL. 1','180','1.16','250',0),(7023,5,1,7023,'030110','DVD PROACTIVE KIDS','250','1.16','300',0),(7024,5,1,7024,'170054','VCD ALFAJIRI NAKURU','150','1.16','200',0),(7025,5,1,7025,'170056','VCD JANE M MACHARIA','150','1.16','200',0),(7026,1,1,7026,'060235','BIBLE NIV POWER OF PRAYING WOM','1592.5','1.16','2000',0),(7027,1,1,7027,'060241','BIBLE KJV REF BRG BONDED','1650','1.16','2050',0),(7028,3,1,7028,'060298','BIBLE KJV REFERENCE THUMP INDE','1625','1.16','2200',0),(7029,1,1,7029,'060242','BIBLE KJV ROYAL RUBY TEXT BLAC','368.75','1.16','490',0),(7030,1,1,7030,'060290.','BIBLE NIV WOMEN\'S DEVOTIONAL','617.5','1.16','800',0),(7031,5,1,7031,'170055','VCD LUCY W. KIMANI','100','1.16','150',0),(7032,1,1,7032,'030108','AMBASSADOR CLUB ADMIN. MANUAL','100','1.16','150',0),(7033,1,1,7033,'060240','BIBLE KJV ROYAL RUBY TEXT BLUE','383.5','1.16','490',0),(7034,1,1,7034,'030115','ELDER\'S DIGEST 1ST TO 4TH QUAT','40','1.16','50',0),(7035,5,1,7035,'030114','CD LEGACY OF LIGHT','800','1.16','1000',0),(7036,5,1,7036,'030113','CD STANDARD LIBRARY EDITION','400','1.16','500',0),(7037,5,1,7037,'030112','CD COMPLETE PUBLISHED EDITION','400','1.16','500',0),(7038,2,1,7038,'071066','SDA HYMNAL COMPANION','990','1.16','1290',0),(7039,1,1,7039,'071002','TAKE THE RISK','704','1.16','950',0),(7040,1,1,7040,'071007','INTIMATE MARRIAGE','149.6','1.16','200',0),(7041,1,1,7041,'071044','SDA HYMNAL SMALL MUSIC','1232','1.16','1600',0),(7042,1,1,7042,'071043','BIBLE KJV HMS RICHARDS LARGE','2816','1.16','3700',0),(7043,1,1,7043,'071033','BIBLE KJV STUDY SOP E.G.W','2640','1.16','3450',0),(7044,1,1,7044,'071067','NUTRO PEANUT 800G','180','1.16','220',0),(7045,1,1,7045,'071068','NUTRO PEANUT BUTTER CRUNCH 800','180','1.16','220',0),(7046,1,1,7046,'071023','MY PLAYTIME BIBLE ENGLISH','264','1.16','350',0),(7047,2,1,7047,'071020','MY FIRST PUZZLE BIBLE ENGLISH','297','1.16','400',0),(7048,2,1,7048,'071057','LITTLE CHILD\'S STORY OF NOAH','264','1.16','300',0),(7049,1,1,7049,'071055','LITTLE CHILD\'S FIRST PRAYERS','264','1.16','350',0),(7050,1,1,7050,'071034','FAITH ROOTS','26.4','1.16','40',0),(7051,1,1,7051,'071035','FAITH STEP BY STEP','167.2','1.16','220',0),(7052,1,1,7052,'071036','FAMILY BIBLE FLIP QUIZ(R.ED)','572','1.16','750',0),(7053,2,1,7053,'071037','FOUR BOYS IN THE WHITE HOUSE','176','1.16','230',0),(7054,1,1,7054,'071038','GAME EGYPT TO CANAAN','704','1.16','950',0),(7055,1,1,7055,'071039','GAME LIFE OF PAUL','704','1.16','950',0),(7056,1,1,7056,'071040','GOD\'S LITTLE ADVICE BOOK','26.4','1.16','40',0),(7057,1,1,7057,'071041','HEAVEN CAME DOWN','264','1.16','350',0),(7058,1,1,7058,'071045','HIDDEN WORDS BK-1','110','1.16','150',0),(7059,1,1,7059,'071046','HIDDEN WORDS BK-2','110','1.16','150',0),(7060,1,1,7060,'071047','HIDDEN WORDS BK-3','110','1.16','150',0),(7061,1,1,7061,'071048','HIDDEN WORDS BK-4','110','1.16','150',0),(7062,1,1,7062,'071049','HIDDEN WORDS BK-5','110','1.16','150',0),(7063,1,1,7063,'071050','HIKING WITH JESUS','176','1.16','230',0),(7064,2,1,7064,'071051','LIFE WITHOUT LIMITS','369.6','1.16','490',0),(7065,2,1,7065,'071052','100 CREATIVE PRAYER IDEAS KIDS','352','1.16','460',0),(7066,2,1,7066,'071053','100 QUICK & EASY WORSHIP KIDS','352','1.16','460',0),(7067,1,1,7067,'071054','101 PROVERBS FOR LIFE','61.6','1.16','80',0),(7068,1,1,7068,'071019','LITTLE CHILD\'S FIRST BIBLE','264','1.16','350',0),(7069,1,1,7069,'071056','LITTLE CHILD\'S STORY OF JESUS','264','1.16','300',0),(7070,1,1,7070,'071058','LITTLE CHILD\'S BIBLE TREASURY','308','1.16','400',0),(7071,1,1,7071,'071059','ALONE WITH GOD','237.6','1.16','300',0),(7072,1,1,7072,'071060','ANGELS IN THE BIBLE (BOARD BK)','176','1.16','230',0),(7073,1,1,7073,'071061','BIBLE COVER BLUE DENIM','352','1.16','460',0),(7074,1,1,7074,'071062','BIBLE COVER BURGUNDY','352','1.16','460',0),(7075,1,1,7075,'071063','BREAKING THROUH BARRIERS','26.4','1.16','40',0),(7076,2,1,7076,'071064','CHOICE WORDS ON PRAYER','325.6','1.16','450',0),(7077,1,1,7077,'050010','CHRIST TRIUMPHANT','176','1.16','230',0),(7078,1,1,7078,'071065','COLOURS OF GRACE','132','1.16','180',0),(7079,1,1,7079,'071018','MORE THAN AMAZING GRACE','26.4','1.16','40',0),(7080,1,1,7080,'071021','MY OWN HANDY BIBLE SMALL','308','1.16','400',0),(7081,1,1,7081,'071022','MY OWN HANDY BIBLE LARGE','308','1.16','400',0),(7082,1,1,7082,'071024','NOAH\'S ARK ENGLISH','325','1.16','350',0),(7083,2,1,7083,'071025','OUR HIGH CALLING','1052.7','1.16','1400',0),(7084,2,1,7084,'071026','PILGRIM WAYS','176','1.16','230',0),(7085,2,1,7085,'071027','LIFE OF JESUS PUZZLE BOOK','297','1.16','400',0),(7086,2,1,7086,'020038','GOOD SHEPHERD PUZZLE BOOK','297','1.16','400',0),(7087,2,1,7087,'0100899','GOD\'S WONDERFUL WORLD PUZZLE B','297','1.16','400',0),(7088,2,1,7088,'071030','THROUGH TRIALS & TRIUMPHS P BK','297','1.16','400',0),(7089,2,1,7089,'071031','RADICAL PRAYER','128.7','1.16','200',0),(7090,1,1,7090,'071032','REACH OUT FOR LIFE','26.4','1.16','40',0),(7091,2,1,7091,'071028','PEOPLE OF FAITH PUZZLE BOOK','297','1.16','400',0),(7092,1,1,7092,'071000','STILL STANDING TRUE','26.4','1.16','40',0),(7093,1,1,7093,'071001','STUDYING TOGETHER','352','1.16','460',0),(7094,1,1,7094,'071003','BATTLE FOR THE BIBLE','188.1','1.16','250',0),(7095,2,1,7095,'071004','COMPASSION OF THE CHRIST','167.2','1.16','220',0),(7096,1,1,7096,'071005','FINAL CRISIS MEGABOOK','167.2','1.16','220',0),(7097,1,1,7097,'071006','INCREDIBLE POWER OF GRACE','61.6','1.16','80',0),(7098,1,1,7098,'071008','LONELIEST GRIEF!','167.2','1.16','220',0),(7099,2,1,7099,'071009','VOICE HE GAVE ME.','167.2','1.16','220',0),(7100,1,1,7100,'071010','TRUTHS THAT CHANGE US INSIDE','26.4','1.16','40',0),(7101,2,1,7101,'071011','UNDERSTANDING THE TRINITY','176','1.16','230',0),(7102,8,1,7102,'071013','WORD POWER PRAYER','176','1.16','230',0),(7103,8,1,7103,'071014','WORD POWER FEAR NOT','176','1.16','230',0),(7104,1,1,7104,'071015','WORD POWER ENCOURAGEMENT','176','1.16','230',0),(7105,8,1,7105,'071016','WORD POWER PROMISES','176','1.16','230',0),(7106,2,1,7106,'071042','HEIRS OF REFORMATION','167.2','1.16','230',0),(7107,2,1,7107,'071029','GOD\'S CHOSEN PEOPLE PUZZLE BK','297','1.16','400',0),(7108,1,1,7108,'071012','WHY SO MANY DENOMINATIONS','96.8','1.16','150',0),(7109,5,1,7109,'030118','FREE VIEW DECODERS','3000','1.16','3500',0),(7110,5,1,7110,'030116','CD ZAWADI MPENDA AMANI','150','1.16','200',0),(7111,9,1,7111,'040029','SAFARICOM 20','18.8','1.16','20',0),(7112,3,1,7112,'060243','BIBLE KISWAHILI 053 REFERENCE','819','1.16','1050',0),(7113,2,1,7113,'060244','BIBLE KISWAHILI 053 INDEX','819','1.16','1050',0),(7114,1,1,7114,'060236','BIBLE NIV COMPACT BLACK S/C','273','1.16','380',0),(7115,1,1,7115,'060237','BIBLE NIV COMPACT BURG.','273','1.16','380',0),(7116,1,1,7116,'190160','MASTER GUIDE BERET','400','1.16','480',0),(7117,1,1,7117,'190158','PATHFINDER BERETS','400','1.16','480',0),(7118,1,1,7118,'190159','CHAPLAINCY BERETS','400','1.16','480',0),(7119,1,1,7119,'190154','PATHFINDER TIES','150','1.16','180',0),(7120,1,1,7120,'190155','PATHFINDER BOW TIES','150','1.16','180',0),(7121,1,1,7121,'060238','BIBLE KJV ROYAL RUBY BONDED BL','585','1.16','750',0),(7122,1,1,7122,'130090','HONEY JAR NORMAL 500GM','145','1.16','190',0),(7123,4,1,7123,'130174','HONEY JAR SHIM 500GM','145','1.16','190',0),(7124,2,1,7124,'010057','ROCKY ROAD','200','1.16','260',0),(7125,5,1,7125,'030109','DVD DAGORETI CORNER','150','1.16','200',0),(7126,5,1,7126,'030120','VCD KINGKIDS LITTLE MISSIONARI','100','1.16','150',0),(7127,3,1,7127,'060180','BIBLE GOOD NEWS DIGLOT EDITION','1092','1.16','1400',0),(7128,1,1,7128,'060246','BIBLE NIV PILGRIM ZIPPED','352.5','1.16','450',0),(7129,3,1,7129,'060247','BIBLE MP3 AUDIO','150','1.16','200',0),(7130,1,1,7130,'192990','PATHFINDER LEADER AWARD','55','1.16','80',0),(7131,8,1,7131,'180176','KEY HOLDER 0015','60','1.16','80',0),(7132,8,1,7132,'180177','PLAQUE ASSORTED 0010','100','1.16','130',0),(7133,8,1,7133,'180178','PLAQUE 0006','110','1.16','145',0),(7134,8,1,7134,'180179','PLAQUE 0013','120','1.16','160',0),(7135,8,1,7135,'180187','PLAQUE ASSORTED 0011','150','1.16','195',0),(7136,8,1,7136,'180181','PLAQUE 0016','170','1.16','220',0),(7137,8,1,7137,'180189','PLAQUE 0020','190','1.16','250',0),(7138,8,1,7138,'180183','PLAQUE 0009','250','1.16','325',0),(7139,8,1,7139,'180190','PLAQUE ASSORTED BIG 0001','380','1.16','500',0),(7140,8,1,7140,'180191','PLAQUE 0017','400','1.16','500',0),(7141,8,1,7141,'180192','PLAQUE 0007','480','1.16','625',0),(7142,1,1,7142,'060249','BIBLE NIV BONDED LARGE PRINT','1170','1.16','1500',0),(7143,1,1,7143,'060250','BIBLE NIV BONDED LEATHER','936','1.16','1200',0),(7144,1,1,7144,'060248','BIBLE KJV RUBY ILLUSTRATED','325','1.16','450',0),(7145,1,1,7145,'060253','BIBLE KJV BONDED LEATHER','624','1.16','800',0),(7146,3,1,7146,'060251','BIBLE GOOD NEWS 027','507','1.16','650',0),(7147,5,1,7147,'030121','CD WINTLEY PHIPPS','220','1.16','280',0),(7148,5,1,7148,'030123','DVD KINGS MESSANGERS','300','1.16','400',0),(7149,5,1,7149,'030124','CD DAMARIS TAABU MWAMZUKA','150','1.16','200',0),(7150,1,1,7150,'193000','PATHFINDER 2ND TRIANGLE','48','1.16','65',0),(7151,3,1,7151,'060252','BIBLE KISWAHILI 045ZC','663','1.16','850',0),(7152,1,1,7152,'050104','PARENTHOOD','200','1.16','280',0),(7153,1,1,7153,'060254','HHES SHIRTS','650','1.16','700',0),(7154,8,1,7154,'060256','GOD MADE ME','140.25','1.16','200',0),(7155,2,1,7155,'060261','HOW DO ALLIGATORS PRAISE GOD','93.5','1.16','120',0),(7156,2,1,7156,'060257','BABY JESUS: NOAH\'S ARK GOD CRE','233.75','1.16','300',0),(7157,2,1,7157,'060260','MAKE YOUR OWN PRAYERS','198','1.16','250',0),(7158,2,1,7158,'060269','PARABLE OF THE BIBLE','233.75','1.16','300',0),(7159,2,1,7159,'060270','STORIES FROM THE BIBLE BOARD','233.75','1.16','300',0),(7160,3,1,7160,'060258','BIBLE KJV/HISTORY OF REDEMPTIO','2337.5','1.16','3050',0),(7161,3,1,7161,'060265','BIBLE NIV GIFT BLUE','467.5','1.16','600',0),(7162,3,1,7162,'060266','BIBLE NIV GIFT RED','467.5','1.16','600',0),(7163,3,1,7163,'060267','BIBLE NIV MARRIAGE BURGUNDLY H','486.2','1.16','650',0),(7164,3,1,7164,'060259','BIBLE KJV PILGRIM BLACK LEATHE','1422.5','1.16','1850',0),(7165,2,1,7165,'060272','TOO DEEP FOR TEARS','177.65','1.16','250',0),(7166,2,1,7166,'060273','WONDER BIBLE','243.1','1.16','320',0),(7167,2,1,7167,'060262','MIRACLE OF CONVERSION','233.75','1.16','300',0),(7168,2,1,7168,'060271','PRAYERS TO SHARE','46.75','1.16','60',0),(7169,2,1,7169,'060264','STUDY BOOK NEW TESTAMENT','374','1.16','500',0),(7170,2,1,7170,'060263','STUDY BOOK OLD TESTAMENT','374','1.16','500',0),(7171,1,1,7171,'060274','FELT BIBLE STORY','8910','1.16','11600',0),(7172,3,1,7172,'060268','BIBLE NIV MARRIAGE NAVY H/C','486.2','1.16','650',0),(7173,1,1,7173,'060255','HHES BLOUSES','650','1.16','700',0),(7174,5,1,7174,'030117','VCD FAITH NYAMBU WAKABACHIA','100','1.16','150',0),(7175,1,1,7175,'010136','DISCOVER BIBLE SCHOOL','130','1.16','150',0),(7176,1,1,7176,'060275','PUBLISHING T/SHIRTS','677','1.16','750',0),(7177,1,1,7177,'060210','BIBLE KJV KIDS STUDY','510','1.16','650',0),(7178,5,1,7178,'060276','DVD TM MUSIC','200','1.16','350',0),(7179,2,1,7179,'060284','BIBLE AND BOOK COVER','574.2','1.16','730',0),(7180,2,1,7180,'060285','BIBLE BEGINNERS NOAH\'S BUSY ARK','233.75','1.16','300',0),(7181,2,1,7181,'060278','25 WAYS TO WIN WITH PEOPLE','513.5','1.16','790',0),(7182,2,1,7182,'060277','LEARNING TO LEAD','455','1.16','670',0),(7183,1,1,7183,'060287','ATTITUDES OF GREAT LEADERS','617.5','1.16','950',0),(7184,1,1,7184,'060288','ELDER\'S HANDBOOK','280.5','1.16','400',0),(7185,2,1,7185,'060289','PAUL\'S LIFE AND JOURNEY','467.5','1.16','600',0),(7186,1,1,7186,'060294','LIFE OF JESUS PUZZLE BOOK','374','1.16','500',0),(7187,2,1,7187,'060295','DANIEL AND OUR DESTINY','300','1.16','500',0),(7188,3,1,7188,'060300','BIBLE AMPLIFIED MASS MARKET','390','1.16','500',0),(7189,1,1,7189,'040277','EXERCISE BOOK A4 80 PAGES','21','1.16','28',0),(7190,1,1,7190,'191127','PATHFINDER & YOUTH HONORS','195','1.16','270',0),(7191,2,1,7191,'071071','100 CREATIVE ACTIV FOR SABBATH','712.8','1','950',0),(7192,1,1,7192,'050181','17 ESSENTIAL QUALITIES','416','1.16','550',0),(7193,1,1,7193,'070243','21 IRREFUTABLE LAWS OF LEADERS','838.5','1.16','1100',0),(7194,2,1,7194,'150182','21 MOST POWERFUL MINUTES','715','1.16','970',0),(7195,1,1,7195,'150095','27 FUNDAMENTAL BELIEFS','200','1.16','200',0),(7196,1,1,7196,'150096','AMAZING PROPHECY OF DANIEL','150','1.16','200',0),(7197,8,1,7197,'180362','APPRECIATION/THANK YOU','300','1.16','390',0),(7198,8,1,7198,'180361','ASSORTED PLAGUES','125','1.16','165',0),(7199,2,1,7199,'060356','BABY\'S FIRST BIBLE','233.75','1.16','300',0),(7200,8,1,7200,'071069','BIBLE COVERS GREEN','574.2','1.16','700',0),(7201,1,1,7201,'060217','BIBLE FRENCH STUDY','513.5','1.16','670',0),(7202,3,1,7202,'060364','BIBLE GNT 035 ZIP','858','1.16','1100',0),(7203,1,1,7203,'060354','BIBLE GOOD NEWS BIBLE 022PL','390','1.16','500',0),(7204,3,1,7204,'060149','BIBLE KISWAHILI 022','382.2','1.16','490',0),(7205,3,1,7205,'060324','BIBLE KISWAHILI 052 PL GLR BLU','950','1.16','1200',0),(7206,1,1,7206,'060323','BIBLE KISWAHILI 055 ZIPPED BRO','1170','1.16','1500',0),(7207,1,1,7207,'060358','BIBLE KISWAHILI HABARI NJEMA','585','1.16','750',0),(7208,1,1,7208,'060359','BIBLE KISWAHILI LEATHER WODEX','1287','1.16','1650',0),(7209,1,1,7209,'060355','BIBLE KISWAHILI PL BL','382.2','1.16','490',0),(7210,1,1,7210,'060353','BIBLE KJV (WIDE MARGIN)','1105','1.16','1700',0),(7211,3,1,7211,'060379','BIBLE KJV & HISTORY OF REDEMPT','2475','1.16','3300',0),(7212,1,1,7212,'060360','BIBLE KJV 6149','780','1.16','1000',0),(7213,1,1,7213,'060361','BIBLE KJV 7504','468','1.16','600',0),(7214,1,1,7214,'060366','BIBLE KJV & WORD ENGLISH','4042.5','1.16','5000',0),(7215,1,1,7215,'060297','BIBLE KJV COMFORT TEXT BL BRWN','715','1.16','950',0),(7216,3,1,7216,'060335','BIBLE KJV COMMENTARY','2017','1.16','2990',0),(7217,3,1,7217,'060371','BIBLE KJV COMPACT REFERENCE','1125','1.16','1500',0),(7218,1,1,7218,'060368','BIBLE KJV CONCORDANCE IBS','300','1.16','400',0),(7219,1,1,7219,'060363','BIBLE KJV DICTIONARY & CONCORD','390','1.16','500',0),(7220,3,1,7220,'060362','BIBLE KJV DUO TONE','1170','1.16','1500',0),(7221,1,1,7221,'060348','BIBLE KJV FOR TEENS','1636.25','1.16','2150',0),(7222,1,1,7222,'060365','BIBLE KJV PL LARGE','1170','1.16','1500',0),(7223,1,1,7223,'060326','BIBLE KJV S/C 56','468','1.16','600',0),(7224,3,1,7224,'060343','BIBLE MSG WOMEN OF FAITH CLOTH','1402.5','1.16','1850',0),(7225,1,1,7225,'060342','BIBLE MSG WOMEN OF FAITH LEATH','1402.5','1.16','1850',0),(7226,3,1,7226,'060122','BIBLE MUMA MALER (ZIPPED)','653.3','1.16','850',0),(7227,1,1,7227,'060346','BIBLE NCV WOMEN DEVOTIONAL','1402.5','1.16','1850',0),(7228,3,1,7228,'060338','BIBLE NIV I/LEATHER','935','1.16','1250',0),(7229,3,1,7229,'060376','BIBLE NIV BRIDES','900','1.16','1200',0),(7230,1,1,7230,'060372','BIBLE NIV GIFT BIBLE','475','1.16','650',0),(7231,3,1,7231,'060349','BIBLE NIV IBS','701.25','1.16','900',0),(7232,1,1,7232,'060373','BIBLE NIV MINI BLOCK ZIPPED','667.5','1.16','900',0),(7233,3,1,7233,'060340','BIBLE NIV POCKET CLOTH','225','1.16','500',0),(7234,1,1,7234,'060332','BIBLE NIV STD BL','742.5','1.16','990',0),(7235,1,1,7235,'060333','BIBLE NIV STD H/C','360','1.16','480',0),(7236,3,1,7236,'060331','BIBLE NIV STD PV','592.52','1.16','790',0),(7237,3,1,7237,'060350','BIBLE NIV STUDY (P/S)','1636.25','1.16','2150',0),(7238,3,1,7238,'060330','BIBLE NIV TAPV','324.5','1.16','590',0),(7239,1,1,7239,'060334','BIBLE NIV TRIMUNE','900','1.16','1200',0),(7240,3,1,7240,'060328','BIBLE NIV TRIMLINE DUO TONE','850','1.16','1400',0),(7241,3,1,7241,'060375','BIBLE NIV TRIMLINE','770','1.16','1200',0),(7242,1,1,7242,'060347','BIBLE NIV WOMEN OF FAITH','1168.75','1.16','1550',0),(7243,1,1,7243,'060374','BIBLE NIV YOUNG WOMEN OF FAITH','900','1.16','1200',0),(7244,1,1,7244,'060345','BIBLE NKJV CALF SKIN LEATHER','2805','1.16','3650',0),(7245,1,1,7245,'060377','BIBLE NKJV COMPANION BLACK','1228.5','1.16','1600',0),(7246,3,1,7246,'060341','BIBLE NKJV ANDREWS STUDY','4455','1.16','5800',0),(7247,1,1,7247,'060352','BIBLE NKJV PKT COMPANION','1183','1.16','1820',0),(7248,3,1,7248,'060123','BIBLE NKJV PRECIOUS MOMENTS','1560','1.16','2000',0),(7249,1,1,7249,'060337','BIBLE NKJV REFERENCE','1875','1.16','2650',0),(7250,1,1,7250,'060339','BIBLE NKJV ULTRASLIM','1402.5','1.16','1850',0),(7251,1,1,7251,'060351','BIBLE NKJVGH AWARD','409.5','1.16','1500',0),(7252,3,1,7252,'060357','BIBLE NLT CROSS REFERENCE','975','1.16','1500',0),(7253,8,1,7253,'180372','BIG GRATUATION','175','1.16','230',0),(7254,8,1,7254,'180374','BIG RECTANGULARS','400','1.16','520',0),(7255,8,1,7255,'180363','BIG SCROLLS','500','1.16','650',0),(7256,8,1,7256,'180380','BIRTHDAY/FRIENDSHIP','175','1.16','230',0),(7257,2,1,7257,'060380','BOTHERSOME DISTURBING VERSES','346.5','1.16','450',0),(7258,2,1,7258,'070264','CAN WE STILL BELIEVE THE BIBLE','891','1.16','1160',0),(7259,5,1,7259,'030333','CD SAUTI YA MCHUNGANJI','100','1.16','150',0),(7260,5,1,7260,'030329','CD SDA HYMNAL MURIUKI','100','1.16','150',0),(7261,5,1,7261,'030328','CD SILVER CORD SINGERS','100','1.16','150',0),(7262,5,1,7262,'030127','CD TWATAZAMA NCHI NZURI','100','1.16','150',0),(7263,5,1,7263,'030326','CD YESU ATAKUFUTA MACHOZI','100','1.16','150',0),(7264,2,1,7264,'100059','COUNSELS ON SPEECH & SONG','841.5','1.16','1100',0),(7265,1,1,7265,'040274','COUNTER BOOK 2Q','80','1.16','105',0),(7266,7,1,7266,'040275','COUNTER BOOK 3Q','130','1.16','170',0),(7267,7,1,7267,'040276','COUNTER BOOK 4Q','140','1.16','190',0),(7268,1,1,7268,'040281','CROWN EXECUTIVE PEN','8','1.16','10',0),(7269,1,1,7269,'150215','DEVELOPING LEADERS AROUND YOU','838.5','1.16','1100',0),(7270,2,1,7270,'150216','DEVELOPING THE LEADER WITHIN Y','838.5','1.16','1100',0),(7271,5,1,7271,'030134','DVD ACACIA VOL 2','200','1.16','250',0),(7272,5,1,7272,'060302','DVD AMUKENI MASHUJAA','150','1.16','200',0),(7273,5,1,7273,'030324','DVD EMBU TOWN SDA CHOIR','150','1.16','200',0),(7274,5,1,7274,'030313','DVD FAITH FIRST','700','1.16','900',0),(7275,5,1,7275,'030325','DVD GITHURAI CENTRAL SDA CHURC','150','1.16','200',0),(7276,5,1,7276,'030317','DVD GOSPEL MIN. NINA FURAHA','210','1.16','250',0),(7277,5,1,7277,'030327','DVD GREAT NEWS SDA CHURCH CHOI','150','1.16','200',0),(7278,5,1,7278,'030332','DVD HABARI ZA MBINGUNI','150','1.16','200',0),(7279,5,1,7279,'030316','DVD HELENA MANGILIMA','210','1.16','250',0),(7280,5,1,7280,'030314','DVD I AM STEEL FEELING FINE','700','1.16','900',0),(7281,1,1,7281,'060296','DVD JIWEKE TAYARI','150','1.16','200',0),(7282,5,1,7282,'030335','DVD KARURA SDA CHURCH','150','1.16','200',0),(7283,5,1,7283,'030323','DVD KINONDONI SDA CHURCH V.1&2','200','1.16','250',0),(7284,5,1,7284,'030318','DVD MAJENGO MAPYA VOL. 1&2','210','1.16','250',0),(7285,1,1,7285,'060307','DVD MALINDI CENTRAL SDA CHURCH','150','1.16','200',0),(7286,5,1,7286,'030209','DVD MASWALI MENGI TALENT','150','1.16','200',0),(7287,5,1,7287,'030315','DVD MASWALI MENGI VICTORY','210','1.16','250',0),(7288,5,1,7288,'030128','DVD NA YESU MILELE','150','1.16','200',0),(7289,5,1,7289,'030310','DVD PALE JUU YA MSALABA TALENT','150','1.16','200',0),(7290,5,1,7290,'030321','DVD PF FOLLOW THE BIBLE','150','1.16','200',0),(7291,5,1,7291,'030311','DVD PUNDA NA MWANA PUNDA TALEN','150','1.16','200',0),(7292,5,1,7292,'030312','DVD SEMA NENO TALENT','150','1.16','200',0),(7293,5,1,7293,'030330','DVD SONGA MBELE','150','1.16','200',0),(7294,5,1,7294,'030102','DVD UKUNDA MJADALA','200','1.16','230',0),(7295,5,1,7295,'0302081','DVD UMOJA SDA CHOIR VOL. 2','150','1.16','200',0),(7296,5,1,7296,'030208','DVD UMOJA SDA CHURCH','150','1.16','200',0),(7297,5,1,7297,'030331','DVD WEWE NI NANI','150','1.16','200',0),(7298,2,1,7298,'100057','ELLEN WHITE ON LEADERSHIP','792','1.16','1030',0),(7299,2,1,7299,'010073','EXCITING BIBLE STORIES COLOUR','65','1.16','80',0),(7300,1,1,7300,'040279','EXERCISE BOOK A4 120 PAGES','30','1.16','40',0),(7301,1,1,7301,'040280','EXERCISE BOOK A4 200PAGES','46','1.16','60',0),(7302,1,1,7302,'040278','EXERCISE BOOK A4 96 PAGES','23','1.16','30',0),(7303,2,1,7303,'070265','FROM SUNDOWN TO SUNDOWN','792','1.16','1030',0),(7304,2,1,7304,'070266','FROM THE CELL TO THE CROSS','594','1.16','780',0),(7305,1,1,7305,'040272','GIFT WRAPPERS','12','1.16','20',0);
/*!40000 ALTER TABLE `product` ENABLE KEYS */;
UNLOCK TABLES;

--
-- Table structure for table `sale`
--

DROP TABLE IF EXISTS `sale`;
/*!40101 SET @saved_cs_client     = @@character_set_client */;
/*!40101 SET character_set_client = utf8 */;
CREATE TABLE `sale` (
  `id` int(11) NOT NULL AUTO_INCREMENT,
  `user_id` int(11) DEFAULT NULL,
  `orig_id` int(11) NOT NULL,
  `on_date` datetime NOT NULL,
  `customer` varchar(100) COLLATE utf8_unicode_ci NOT NULL,
  `tax` varchar(100) COLLATE utf8_unicode_ci NOT NULL,
  `discount` varchar(100) COLLATE utf8_unicode_ci NOT NULL,
  `payment_mode` varchar(50) COLLATE utf8_unicode_ci NOT NULL,
  `qty` int(11) NOT NULL,
  `total_sale` varchar(200) COLLATE utf8_unicode_ci NOT NULL,
  `deleted` int(11) NOT NULL,
  PRIMARY KEY (`id`),
  KEY `IDX_E54BC005A76ED395` (`user_id`),
  CONSTRAINT `FK_E54BC005A76ED395` FOREIGN KEY (`user_id`) REFERENCES `user` (`id`)
) ENGINE=InnoDB AUTO_INCREMENT=103 DEFAULT CHARSET=utf8 COLLATE=utf8_unicode_ci;
/*!40101 SET character_set_client = @saved_cs_client */;

--
-- Dumping data for table `sale`
--

LOCK TABLES `sale` WRITE;
/*!40000 ALTER TABLE `sale` DISABLE KEYS */;
INSERT INTO `sale` VALUES (73,1,1,'2017-08-28 11:26:26','Walk In Client','191.73','0','cash',4,'1390',0),(74,1,74,'2017-08-28 11:53:47','Walk In Client','34.48','0','cash',1,'250',0),(75,1,75,'2017-08-28 11:55:09','Walk In Client','34.49','0','cash',2,'250',1),(76,1,76,'2017-08-28 12:00:26','Walk In Client','1034.48','0','cash',30,'7500',0),(77,1,77,'2017-08-29 08:22:39','Walk In Client','48.28','0','cash',2,'350',0),(78,1,78,'2017-08-29 08:30:38','Walk In Client','65.51','0','cash',4,'475',0),(79,1,79,'2017-08-29 06:09:13','Walk In Client','175.17000000000002','0','cash',4,'1270',1),(80,1,80,'2017-08-29 06:10:16','Walk In Client','175.17000000000002','0','cash',4,'1270',0),(81,1,81,'2017-08-29 06:10:17','Walk In Client','175.17000000000002','0','cash',4,'1270',0),(82,1,82,'2017-08-29 06:12:59','Walk In Client','251.03','0','cash',4,'1030',0),(83,1,83,'2017-08-29 06:14:19','Walk In Client','777.93','0','cash',5,'5640',0),(84,1,84,'2017-08-29 07:14:30','Walk In Client','88.27','0','cash',3,'640',0),(85,1,85,'2017-08-29 07:16:47','Walk In Client','3103.45','0','cash',50,'22500',0),(86,1,86,'2017-08-30 01:07:05','Walk In Client','524.13','0','cash',330,'8400',0),(87,1,87,'2017-08-30 02:46:13','Walk In Client','214.48000000000002','0','cash',4,'1555',0),(88,1,88,'2017-08-30 02:47:08','Walk In Client','358.62','0','cash',6,'600',0),(89,1,89,'2017-08-30 04:00:06','Walk In Client','68.97','0','cash',5,'500',0),(90,1,90,'2017-08-31 08:36:21','Walk In Client','343.45','0','cash',14,'2240',0),(91,1,91,'2017-08-31 08:57:10','Walk In Client','49.65','0','cash',5,'860',0),(92,1,92,'2017-08-31 10:28:20','Walk In Client','544.83','0','cash',15,'4450',0),(93,1,93,'2017-08-31 03:18:18','Walk In Client','186.21','0','cash',4,'5050',0),(94,1,94,'2017-08-31 03:42:52','Walk In Client','13.79','0','cash',1,'100',0),(95,1,95,'2017-09-01 10:11:52','Walk In Client','423.43999999999994','0','cash',5,'3070',0),(96,1,96,'2017-09-01 10:12:33','Walk In Client','285.52','0','check|456532',5,'2070',0),(97,1,97,'2017-09-03 03:35:44','Walk In Client','372.40999999999997','0','mpesa|KQ292738J',6,'5400',0),(98,1,98,'2017-09-03 06:39:31','Walk In Client','179.32','0','cash',4,'950',0),(99,1,99,'2017-09-03 09:28:22','Walk In Client','5517.24','0','cash',100,'40000',0),(100,1,100,'2017-09-04 07:30:49','Walk In Client','568.97','0','cash',25,'4125',0),(101,1,101,'2017-09-04 07:48:10','Walk In Client','64.83','0','cash',3,'470',0),(102,1,102,'2017-09-04 07:48:29','Walk In Client','26.21','0','cash',1,'190',0);
/*!40000 ALTER TABLE `sale` ENABLE KEYS */;
UNLOCK TABLES;

--
-- Table structure for table `stock`
--

DROP TABLE IF EXISTS `stock`;
/*!40101 SET @saved_cs_client     = @@character_set_client */;
/*!40101 SET character_set_client = utf8 */;
CREATE TABLE `stock` (
  `id` int(11) NOT NULL AUTO_INCREMENT,
  `user_id` int(11) DEFAULT NULL,
  `item_id` int(11) DEFAULT NULL,
  `sale_id` int(11) DEFAULT NULL,
  `on_date` datetime NOT NULL,
  `quantity` varchar(100) COLLATE utf8_unicode_ci NOT NULL,
  `transaction` varchar(200) COLLATE utf8_unicode_ci NOT NULL,
  `orig_id` int(11) NOT NULL,
  `unit_cost` varchar(110) COLLATE utf8_unicode_ci NOT NULL,
  `retail_cost` varchar(100) COLLATE utf8_unicode_ci NOT NULL,
  `deleted` int(11) NOT NULL,
  `total_cost` varchar(100) COLLATE utf8_unicode_ci NOT NULL,
  PRIMARY KEY (`id`),
  KEY `IDX_4B365660A76ED395` (`user_id`),
  KEY `IDX_4B365660126F525E` (`item_id`),
  KEY `IDX_4B3656604A7E4868` (`sale_id`),
  CONSTRAINT `FK_4B365660126F525E` FOREIGN KEY (`item_id`) REFERENCES `product` (`id`),
  CONSTRAINT `FK_4B3656604A7E4868` FOREIGN KEY (`sale_id`) REFERENCES `sale` (`id`),
  CONSTRAINT `FK_4B365660A76ED395` FOREIGN KEY (`user_id`) REFERENCES `user` (`id`)
) ENGINE=InnoDB AUTO_INCREMENT=316 DEFAULT CHARSET=utf8 COLLATE=utf8_unicode_ci;
/*!40101 SET character_set_client = @saved_cs_client */;

--
-- Dumping data for table `stock`
--

LOCK TABLES `stock` WRITE;
/*!40000 ALTER TABLE `stock` DISABLE KEYS */;
INSERT INTO `stock` VALUES (230,1,6309,73,'2017-08-28 11:26:26','1','ret',1,'228','300',0,'300'),(231,1,5640,73,'2017-08-28 11:26:26','1','ret',231,'455','600',0,'600'),(232,1,5641,73,'2017-08-28 11:26:26','1','ret',232,'336.6','450',0,'450'),(233,1,5642,73,'2017-08-28 11:26:26','1','ret',233,'28','40',0,'40'),(234,1,5562,74,'2017-08-28 11:53:48','1','ret',234,'200','250',0,'250'),(235,1,6325,75,'2017-08-28 11:55:10','1','com',235,'190','200',1,'200'),(236,1,6442,75,'2017-08-28 11:55:10','1','com',236,'47','50',1,'50'),(237,1,5562,76,'2017-08-28 12:00:27','30','sto',237,'200','250',0,'7500'),(238,1,5470,77,'2017-08-29 08:22:40','1','ret',238,'60','70',0,'70'),(239,1,5438,77,'2017-08-29 08:22:40','1','ret',239,'200','280',0,'280'),(240,1,5670,78,'2017-08-29 08:30:38','1','sal',240,'29.16','35',0,'35'),(241,1,5918,78,'2017-08-29 08:30:38','1','sal',241,'70','100',0,'100'),(242,1,6127,78,'2017-08-29 08:30:38','1','sal',242,'180','220',0,'220'),(243,1,5455,78,'2017-08-29 08:30:38','1','sal',243,'94','120',0,'120'),(244,1,5438,79,'2017-08-29 06:09:13','1','sal',244,'200','280',1,'280'),(245,1,5578,79,'2017-08-29 06:09:13','1','sal',245,'120','160',1,'160'),(246,1,5645,79,'2017-08-29 06:09:13','1','sal',246,'312','400',1,'400'),(247,1,5647,79,'2017-08-29 06:09:13','1','sal',247,'330','430',1,'430'),(248,1,5438,80,'2017-08-29 06:10:16','1','sal',248,'200','280',0,'280'),(249,1,5578,80,'2017-08-29 06:10:16','1','sal',249,'120','160',0,'160'),(250,1,5645,80,'2017-08-29 06:10:16','1','sal',250,'312','400',0,'400'),(251,1,5647,80,'2017-08-29 06:10:16','1','sal',251,'330','430',0,'430'),(252,1,5438,81,'2017-08-29 06:10:18','1','sal',252,'200','280',0,'280'),(253,1,5578,81,'2017-08-29 06:10:18','1','sal',253,'120','160',0,'160'),(254,1,5645,81,'2017-08-29 06:10:18','1','sal',254,'312','400',0,'400'),(255,1,5647,81,'2017-08-29 06:10:18','1','sal',255,'330','430',0,'430'),(256,1,5646,82,'2017-08-29 06:12:59','1','sal',256,'483','630',0,'630'),(257,1,5464,82,'2017-08-29 06:12:59','1','sal',257,'118.8','160',0,'160'),(258,1,5455,82,'2017-08-29 06:12:59','2','sal',258,'94','120',0,'240'),(259,1,5440,83,'2017-08-29 06:14:20','1','sal',259,'693','900',0,'900'),(260,1,5467,83,'2017-08-29 06:14:20','1','sal',260,'990','1290',0,'1290'),(261,1,5668,83,'2017-08-29 06:14:20','1','sal',261,'2000','2400',0,'2400'),(262,1,5663,83,'2017-08-29 06:14:20','1','sal',262,'350','450',0,'450'),(263,1,5708,83,'2017-08-29 06:14:20','1','sal',263,'462','600',0,'600'),(264,1,6306,84,'2017-08-29 07:14:31','1','sal',264,'255','425',0,'425'),(265,1,5478,84,'2017-08-29 07:14:31','1','sal',265,'59.4','80',0,'80'),(266,1,5770,84,'2017-08-29 07:14:31','1','sal',266,'102','135',0,'135'),(267,1,5663,85,'2017-08-29 07:16:47','50','sto',267,'350','450',0,'22500'),(268,1,5487,86,'2017-08-30 01:07:05','10','sto',268,'70','100',0,'1000'),(269,1,5430,86,'2017-08-30 01:07:05','300','sto',269,'12','20',0,'6000'),(270,1,5470,86,'2017-08-30 01:07:05','20','sto',270,'60','70',0,'1400'),(271,1,5798,87,'2017-08-30 02:46:13','1','sal',271,'150','180',0,'180'),(272,1,5483,87,'2017-08-30 02:46:13','1','sal',272,'450','585',0,'585'),(273,1,5487,87,'2017-08-30 02:46:13','1','sal',273,'70','100',0,'100'),(274,1,5448,87,'2017-08-30 02:46:13','1','sal',274,'524.7','690',0,'690'),(275,1,5584,88,'2017-08-30 02:47:09','1','sal',275,'374','500',0,'500'),(276,1,5965,88,'2017-08-30 02:47:09','5','sal',276,'15','20',0,'100'),(277,1,5487,89,'2017-08-30 04:00:07','5','sal',277,'70','100',0,'500'),(278,1,5855,90,'2017-08-31 08:36:22','3','sal',278,'80','100',0,'300'),(279,1,5667,90,'2017-08-31 08:36:22','1','sal',279,'190','250',0,'250'),(280,1,5452,90,'2017-08-31 08:36:22','5','sal',280,'95','130',0,'650'),(281,1,6910,90,'2017-08-31 08:36:22','2','sal',281,'1.25','10',0,'20'),(282,1,6294,90,'2017-08-31 08:36:22','3','sal',282,'265.2','340',0,'1020'),(283,1,5855,91,'2017-08-31 08:57:10','1','sal',283,'80','100',0,'100'),(284,1,5667,91,'2017-08-31 08:57:10','3','sal',284,'190','250',0,'750'),(285,1,6910,91,'2017-08-31 08:57:10','1','sal',285,'1.25','10',0,'10'),(286,1,5487,92,'2017-08-31 10:28:21','10','sal',286,'70','100',0,'1000'),(287,1,5448,92,'2017-08-31 10:28:21','5','sal',287,'524.7','690',0,'3450'),(288,1,5583,93,'2017-08-31 03:18:18','1','sal',288,'1800','2500',0,'2500'),(289,1,5530,93,'2017-08-31 03:18:18','1','sal',289,'900','900',0,'900'),(290,1,5591,93,'2017-08-31 03:18:18','1','sal',290,'928','1200',0,'1200'),(291,1,5663,93,'2017-08-31 03:18:18','1','sal',291,'350','450',0,'450'),(292,1,5855,94,'2017-08-31 03:42:53','1','sal',292,'80','100',0,'100'),(293,1,5559,95,'2017-09-01 10:11:52','1','sal',293,'195','270',0,'270'),(294,1,5491,95,'2017-09-01 10:11:52','1','sal',294,'70','100',0,'100'),(295,1,5489,95,'2017-09-01 10:11:52','1','sal',295,'70','100',0,'100'),(296,1,5522,95,'2017-09-01 10:11:53','1','sal',296,'1092','1400',0,'1400'),(297,1,5525,95,'2017-09-01 10:11:53','1','sal',297,'900','1200',0,'1200'),(298,1,5432,96,'2017-09-01 10:12:33','1','sal',298,'175','230',0,'230'),(299,1,5533,96,'2017-09-01 10:12:34','1','sal',299,'230','290',0,'290'),(300,1,5475,96,'2017-09-01 10:12:34','1','sal',300,'292.5','450',0,'450'),(301,1,5530,96,'2017-09-01 10:12:34','1','sal',301,'900','900',0,'900'),(302,1,5481,96,'2017-09-01 10:12:34','1','sal',302,'150','200',0,'200'),(303,1,6026,97,'2017-09-03 03:35:44','1','sal',303,'125','170',0,'170'),(304,1,5590,97,'2017-09-03 03:35:44','3','sal',304,'684.4','900',0,'2700'),(305,1,5541,97,'2017-09-03 03:35:44','1','sal',305,'1885','2400',0,'2400'),(306,1,5453,97,'2017-09-03 03:35:44','1','sal',306,'95','130',0,'130'),(307,1,5487,98,'2017-09-03 06:39:32','1','sal',307,'70','100',0,'100'),(308,1,5667,98,'2017-09-03 06:39:32','1','sal',308,'190','250',0,'250'),(309,1,6309,98,'2017-09-03 06:39:32','2','sal',309,'228','300',0,'600'),(310,1,5645,99,'2017-09-03 09:28:23','100','sto',310,'312','400',0,'40000'),(311,1,7198,100,'2017-09-04 07:30:49','25','sto',311,'125','165',0,'4125'),(312,1,5487,101,'2017-09-04 07:48:11','1','sal',312,'70','100',0,'100'),(313,1,5468,101,'2017-09-04 07:48:11','1','sal',313,'140','190',0,'190'),(314,1,5434,101,'2017-09-04 07:48:11','1','sal',314,'145','180',0,'180'),(315,1,5468,102,'2017-09-04 07:48:30','1','ret',315,'140','190',0,'190');
/*!40000 ALTER TABLE `stock` ENABLE KEYS */;
UNLOCK TABLES;

--
-- Table structure for table `syst_setting`
--

DROP TABLE IF EXISTS `syst_setting`;
/*!40101 SET @saved_cs_client     = @@character_set_client */;
/*!40101 SET character_set_client = utf8 */;
CREATE TABLE `syst_setting` (
  `id` int(11) NOT NULL AUTO_INCREMENT,
  `user_id` int(11) DEFAULT NULL,
  `site_name` varchar(511) COLLATE utf8_unicode_ci NOT NULL,
  `telephone` varchar(30) COLLATE utf8_unicode_ci NOT NULL,
  `currency_code` varchar(10) COLLATE utf8_unicode_ci NOT NULL,
  `rows_per_page` varchar(100) COLLATE utf8_unicode_ci NOT NULL,
  `receipt_header` text COLLATE utf8_unicode_ci NOT NULL,
  `receipt_footer` text COLLATE utf8_unicode_ci NOT NULL,
  `orig_id` int(11) NOT NULL,
  `min_stock` int(11) NOT NULL,
  `upload_duration` int(11) NOT NULL,
  PRIMARY KEY (`id`),
  KEY `IDX_9341D3D3A76ED395` (`user_id`),
  CONSTRAINT `FK_9341D3D3A76ED395` FOREIGN KEY (`user_id`) REFERENCES `user` (`id`)
) ENGINE=InnoDB AUTO_INCREMENT=2 DEFAULT CHARSET=utf8 COLLATE=utf8_unicode_ci;
/*!40101 SET character_set_client = @saved_cs_client */;

--
-- Dumping data for table `syst_setting`
--

LOCK TABLES `syst_setting` WRITE;
/*!40000 ALTER TABLE `syst_setting` DISABLE KEYS */;
INSERT INTO `syst_setting` VALUES (1,1,'ABC Pos','0723231123','Kshs','10','<p>Adventist Book Center<br />\r\nNairobi Branch<br />\r\nP.O. Box 42276<br />\r\nNairobi, Kenya</p>','<p>Thank you for your business</p>',1,20,300);
/*!40000 ALTER TABLE `syst_setting` ENABLE KEYS */;
UNLOCK TABLES;

--
-- Table structure for table `user`
--

DROP TABLE IF EXISTS `user`;
/*!40101 SET @saved_cs_client     = @@character_set_client */;
/*!40101 SET character_set_client = utf8 */;
CREATE TABLE `user` (
  `id` int(11) NOT NULL AUTO_INCREMENT,
  `f_name` varchar(110) COLLATE utf8_unicode_ci NOT NULL,
  `l_name` varchar(110) COLLATE utf8_unicode_ci NOT NULL,
  `email` varchar(110) COLLATE utf8_unicode_ci NOT NULL,
  `password` varchar(64) COLLATE utf8_unicode_ci NOT NULL,
  `abc` varchar(110) COLLATE utf8_unicode_ci NOT NULL,
  `active` int(11) NOT NULL,
  PRIMARY KEY (`id`)
) ENGINE=InnoDB AUTO_INCREMENT=2 DEFAULT CHARSET=utf8 COLLATE=utf8_unicode_ci;
/*!40101 SET character_set_client = @saved_cs_client */;

--
-- Dumping data for table `user`
--

LOCK TABLES `user` WRITE;
/*!40000 ALTER TABLE `user` DISABLE KEYS */;
INSERT INTO `user` VALUES (1,'Josiah','Birai','maestrojosiah@gmail.com','$2y$13$pvHEVe66oB8C2QTg03Ae1uC0H62u1xdpB0paBUUemRawcGE5Nmyl2','Nairobi',1);
/*!40000 ALTER TABLE `user` ENABLE KEYS */;
UNLOCK TABLES;
/*!40103 SET TIME_ZONE=@OLD_TIME_ZONE */;

/*!40101 SET SQL_MODE=@OLD_SQL_MODE */;
/*!40014 SET FOREIGN_KEY_CHECKS=@OLD_FOREIGN_KEY_CHECKS */;
/*!40014 SET UNIQUE_CHECKS=@OLD_UNIQUE_CHECKS */;
/*!40101 SET CHARACTER_SET_CLIENT=@OLD_CHARACTER_SET_CLIENT */;
/*!40101 SET CHARACTER_SET_RESULTS=@OLD_CHARACTER_SET_RESULTS */;
/*!40101 SET COLLATION_CONNECTION=@OLD_COLLATION_CONNECTION */;
/*!40111 SET SQL_NOTES=@OLD_SQL_NOTES */;

-- Dump completed on 2017-09-04  9:54:22
